document_key,Region,Is_Latest,Page,Section,Section_order,Row_order,Row_key,Row_label_source,Line_order,Value_source,Model,Source_lang,page_title_source
JS-100I_EU,EU,TRUE,specifications,INFORMAÇÕES BÁSICAS,1,1,product_name,Nome do produto,1,Jackery SolarSaga 100 Air,JS-100I,pt,PARÂMETROS TÉCNICOS
JS-100I_EU,EU,TRUE,specifications,INFORMAÇÕES BÁSICAS,1,2,model_no,Modelo,1,JS-100I,JS-100I,pt,
JS-100I_EU,EU,TRUE,specifications,INFORMAÇÕES BÁSICAS,1,3,dimensions_unfolded,Dimensões (desdobradas),1,1630 × 423 × 17 mm,JS-100I,pt,
JS-100I_EU,EU,TRUE,specifications,INFORMAÇÕES BÁSICAS,1,4,dimensions_folded,Dimensões (dobradas),1,"423,5 × 423 × 47 mm",JS-100I,pt,
JS-100I_EU,EU,TRUE,specifications,INFORMAÇÕES BÁSICAS,1,5,weight,Peso,1,"3,2 kg ± 0,2 kg",JS-100I,pt,
JS-100I_EU,EU,TRUE,specifications,INFORMAÇÕES BÁSICAS,1,6,ip_rating,Índice de proteção (IP),1,IP68,JS-100I,pt,
JS-100I_EU,EU,TRUE,specifications,INFORMAÇÕES BÁSICAS,1,7,operating_temperature,Faixa de temperatura de operação,1,-20°C a 65°C,JS-100I,pt,
JS-100I_EU,EU,TRUE,specifications,DADOS ELÉTRICOS,2,1,maximum_power,Potência Máxima (Pmax),1,STC*: 100 W±5% / BNPI*: 110 W±5%,JS-100I,pt,
JS-100I_EU,EU,TRUE,specifications,DADOS ELÉTRICOS,2,2,open_circuit_voltage,Tensão de circuito aberto (Voc),1,"STC*: 26,0 V±5% / BNPI*: 26,3 V±5%",JS-100I,pt,
JS-100I_EU,EU,TRUE,specifications,DADOS ELÉTRICOS,2,3,short_circuit_current,Corrente de curto-circuito (Isc),1,"STC*: 4,95 A±5% / BNPI*: 5,38 A±5%",JS-100I,pt,
JS-100I_EU,EU,TRUE,specifications,DADOS ELÉTRICOS,2,4,maximum_power_voltage,Tensão de máxima potência (Vmp),1,"STC*: 21,7 V±5% / BNPI*: 22,0 V±5%",JS-100I,pt,
JS-100I_EU,EU,TRUE,specifications,DADOS ELÉTRICOS,2,5,maximum_power_current,Corrente de máxima potência (Imp),1,"STC*: 4,67 A±5% / BNPI*: 5,08 A±5%",JS-100I,pt,
JS-100I_EU,EU,TRUE,specifications,DADOS ELÉTRICOS,2,6,maximum_system_voltage,Tensão máxima do sistema,1,80 V,JS-100I,pt,
JS-100I_EU,EU,TRUE,specifications,DADOS ELÉTRICOS,2,7,maximum_reverse_current,Corrente reversa máxima,1,15 A,JS-100I,pt,
JS-100I_EU,EU,TRUE,specifications,DADOS ELÉTRICOS,2,8,protection_class,Classe de proteção contra choque elétrico,1,Classe II,JS-100I,pt,
JS-100I_EU,EU,TRUE,specifications,DADOS ELÉTRICOS,2,9,bifaciality_coefficient,Coeficiente de bifacialidade (traseira/frente),1,"Pmax: >65%, Voc: >97%, Isc: >65%",JS-100I,pt,
JS-100I_EU,EU,TRUE,specifications,DADOS ELÉTRICOS,2,10,voltage_temperature_coefficient,Coeficiente de temperatura de tensão,1,"-0,27%/°C",JS-100I,pt,
JS-100I_EU,EU,TRUE,specifications,DADOS ELÉTRICOS,2,11,power_temperature_coefficient,Coeficiente de temperatura de potência,1,"-0,33%/°C",JS-100I,pt,
JS-100I_EU,EU,TRUE,specifications,DADOS ELÉTRICOS,2,12,photovoltaic_consumer_products,Produtos fotovoltaicos de consumo,1,"IEC TS 63163, Categoria 2 de produtos de consumo",JS-100I,pt,
JS-100I_EU,EU,TRUE,specifications,ADAPTADOR MULTIFUNCIONAL,3,1,usb_a_output,Saída USB-A,1,"5 V⎓2,4 A",JS-100I,pt,
JS-100I_EU,EU,TRUE,specifications,ADAPTADOR MULTIFUNCIONAL,3,2,usb_c_output,Saída USB-C,1,5 V⎓3 A,JS-100I,pt,
