slug,order,topic_id_raw,topic_id_normalized
E1500-HTE118-Jackery-Explorer-1500-Ultra-User-Manual-AU-1,1,cover,cover
E1500-HTE118-Jackery-Explorer-1500-Ultra-User-Manual-AU-1,2,toc,toc
E1500-HTE118-Jackery-Explorer-1500-Ultra-User-Manual-AU-1,3,safety_info,safety_info
E1500-HTE118-Jackery-Explorer-1500-Ultra-User-Manual-AU-1,4,box_contents,box_contents
E1500-HTE118-Jackery-Explorer-1500-Ultra-User-Manual-AU-1,5,product_overview,product_overview
E1500-HTE118-Jackery-Explorer-1500-Ultra-User-Manual-AU-1,6,lcd_display,lcd_display
E1500-HTE118-Jackery-Explorer-1500-Ultra-User-Manual-AU-1,7,operation,operation
E1500-HTE118-Jackery-Explorer-1500-Ultra-User-Manual-AU-1,8,troubleshooting,troubleshooting
E1500-HTE118-Jackery-Explorer-1500-Ultra-User-Manual-AU-1,9,ups_mode,ups_mode
E1500-HTE118-Jackery-Explorer-1500-Ultra-User-Manual-AU-1,10,charging,charging
E1500-HTE118-Jackery-Explorer-1500-Ultra-User-Manual-AU-1,11,bottom_cleaning,bottom_cleaning
E1500-HTE118-Jackery-Explorer-1500-Ultra-User-Manual-AU-1,12,warranty,warranty
E1500-HTE118-Jackery-Explorer-1500-Ultra-User-Manual-AU-1,13,app_setup,app_setup
E1500-HTE118-Jackery-Explorer-1500-Ultra-User-Manual-AU-1,14,specifications,specifications
E1500-HTE118-Jackery-Explorer-1500-Ultra-User-Manual-AU-1,15,back_cover,back_cover
E1500-HTE118-Jackery-Explorer-1500-Ultra-User-Manual-V2-0-2026-04-28,1,cover,cover
E1500-HTE118-Jackery-Explorer-1500-Ultra-User-Manual-V2-0-2026-04-28,2,preface_important,preface_important
E1500-HTE118-Jackery-Explorer-1500-Ultra-User-Manual-V2-0-2026-04-28,3,toc,toc
E1500-HTE118-Jackery-Explorer-1500-Ultra-User-Manual-V2-0-2026-04-28,4,safety_info,safety_info
E1500-HTE118-Jackery-Explorer-1500-Ultra-User-Manual-V2-0-2026-04-28,5,user_maintenance_instructions,user_maintenance_instructions
E1500-HTE118-Jackery-Explorer-1500-Ultra-User-Manual-V2-0-2026-04-28,6,symbol_meaning,symbol_meaning
E1500-HTE118-Jackery-Explorer-1500-Ultra-User-Manual-V2-0-2026-04-28,7,box_contents,box_contents
E1500-HTE118-Jackery-Explorer-1500-Ultra-User-Manual-V2-0-2026-04-28,8,fcc,fcc
E1500-HTE118-Jackery-Explorer-1500-Ultra-User-Manual-V2-0-2026-04-28,9,product_overview,product_overview
E1500-HTE118-Jackery-Explorer-1500-Ultra-User-Manual-V2-0-2026-04-28,10,lcd_display,lcd_display
E1500-HTE118-Jackery-Explorer-1500-Ultra-User-Manual-V2-0-2026-04-28,11,operation,operation
E1500-HTE118-Jackery-Explorer-1500-Ultra-User-Manual-V2-0-2026-04-28,12,ups_mode,ups_mode
E1500-HTE118-Jackery-Explorer-1500-Ultra-User-Manual-V2-0-2026-04-28,13,charging,charging
E1500-HTE118-Jackery-Explorer-1500-Ultra-User-Manual-V2-0-2026-04-28,14,bottom_cleaning,bottom_cleaning
E1500-HTE118-Jackery-Explorer-1500-Ultra-User-Manual-V2-0-2026-04-28,15,storage_maintenance,storage
E1500-HTE118-Jackery-Explorer-1500-Ultra-User-Manual-V2-0-2026-04-28,16,troubleshooting,troubleshooting
E1500-HTE118-Jackery-Explorer-1500-Ultra-User-Manual-V2-0-2026-04-28,17,specifications,specifications
E1500-HTE118-Jackery-Explorer-1500-Ultra-User-Manual-V2-0-2026-04-28,18,warranty,warranty
E1500-HTE118-Jackery-Explorer-1500-Ultra-User-Manual-V2-0-2026-04-28,19,app_setup,app_setup
E1500-HTE140-1500-Pro-2,1,cover,cover
E1500-HTE140-1500-Pro-2,2,safety_info,safety_info
E1500-HTE140-1500-Pro-2,3,box_contents,box_contents
E1500-HTE140-1500-Pro-2,4,product_overview,product_overview
E1500-HTE140-1500-Pro-2,5,lcd_display,lcd_display
E1500-HTE140-1500-Pro-2,6,operation,operation
E1500-HTE140-1500-Pro-2,7,ups_mode,ups_mode
E1500-HTE140-1500-Pro-2,8,charging,charging
E1500-HTE140-1500-Pro-2,9,troubleshooting,troubleshooting
E1500-HTE140-1500-Pro-2,10,storage_maintenance,storage
E1500-HTE140-1500-Pro-2,11,specifications,specifications
E1500-HTE140-1500-Pro-2,12,app_setup,app_setup
E1500-HTE140-1500-Pro-2,13,qc_certificate,cn_conformity_certificate
E1500-HTE140-Jackery-1500-New,1,cover,cover
E1500-HTE140-Jackery-1500-New,2,toc,toc
E1500-HTE140-Jackery-1500-New,3,safety_info,safety_info
E1500-HTE140-Jackery-1500-New,4,usage_precautions,usage_precautions
E1500-HTE140-Jackery-1500-New,5,disclaimer,disclaimer
E1500-HTE140-Jackery-1500-New,6,box_contents,box_contents
E1500-HTE140-Jackery-1500-New,7,product_overview,product_overview
E1500-HTE140-Jackery-1500-New,8,lcd_display,lcd_display
E1500-HTE140-Jackery-1500-New,9,operation,operation
E1500-HTE140-Jackery-1500-New,10,ups_mode,ups_mode
E1500-HTE140-Jackery-1500-New,11,charging,charging
E1500-HTE140-Jackery-1500-New,12,troubleshooting,troubleshooting
E1500-HTE140-Jackery-1500-New,13,specifications,specifications
E1500-HTE140-Jackery-1500-New,14,warranty,warranty
E1500-HTE140-Jackery-1500-New,15,app_setup,app_setup
E1500-HTE140-Jackery-1500-New,16,back_cover,back_cover
E2000-HTE152-2000-Pro-Max-V0-5-2026-06-02,1,cover,cover
E2000-HTE152-2000-Pro-Max-V0-5-2026-06-02,2,safety_info,safety_info
E2000-HTE152-2000-Pro-Max-V0-5-2026-06-02,3,box_contents,box_contents
E2000-HTE152-2000-Pro-Max-V0-5-2026-06-02,4,product_overview,product_overview
E2000-HTE152-2000-Pro-Max-V0-5-2026-06-02,5,lcd_display,lcd_display
E2000-HTE152-2000-Pro-Max-V0-5-2026-06-02,6,operation,operation
E2000-HTE152-2000-Pro-Max-V0-5-2026-06-02,7,ups_mode,ups_mode
E2000-HTE152-2000-Pro-Max-V0-5-2026-06-02,8,extra_battery,connections
E2000-HTE152-2000-Pro-Max-V0-5-2026-06-02,9,charging,charging
E2000-HTE152-2000-Pro-Max-V0-5-2026-06-02,10,storage_maintenance,storage
E2000-HTE152-2000-Pro-Max-V0-5-2026-06-02,11,troubleshooting,troubleshooting
E2000-HTE152-2000-Pro-Max-V0-5-2026-06-02,12,specifications,specifications
E2000-HTE152-2000-Pro-Max-V0-5-2026-06-02,13,app_setup,app_setup
E2000-HTE152-2000-Pro-Max-V0-5-2026-06-02,14,back_cover,cn_conformity_certificate
E2000-HTE152-Jackery-HomePower-2000-Plus-User-Manual-JE-2000E-EUUK-V2-0-2026-08-03,1,cover,cover
E2000-HTE152-Jackery-HomePower-2000-Plus-User-Manual-JE-2000E-EUUK-V2-0-2026-08-03,2,preface_important,preface_important
E2000-HTE152-Jackery-HomePower-2000-Plus-User-Manual-JE-2000E-EUUK-V2-0-2026-08-03,3,toc,toc
E2000-HTE152-Jackery-HomePower-2000-Plus-User-Manual-JE-2000E-EUUK-V2-0-2026-08-03,4,safety_info,safety_info
E2000-HTE152-Jackery-HomePower-2000-Plus-User-Manual-JE-2000E-EUUK-V2-0-2026-08-03,5,user_maintenance_instructions,user_maintenance_instructions
E2000-HTE152-Jackery-HomePower-2000-Plus-User-Manual-JE-2000E-EUUK-V2-0-2026-08-03,6,symbol_meaning,symbol_meaning
E2000-HTE152-Jackery-HomePower-2000-Plus-User-Manual-JE-2000E-EUUK-V2-0-2026-08-03,7,box_contents,box_contents
E2000-HTE152-Jackery-HomePower-2000-Plus-User-Manual-JE-2000E-EUUK-V2-0-2026-08-03,8,product_overview,product_overview
E2000-HTE152-Jackery-HomePower-2000-Plus-User-Manual-JE-2000E-EUUK-V2-0-2026-08-03,9,lcd_display,lcd_display
E2000-HTE152-Jackery-HomePower-2000-Plus-User-Manual-JE-2000E-EUUK-V2-0-2026-08-03,10,operation,operation
E2000-HTE152-Jackery-HomePower-2000-Plus-User-Manual-JE-2000E-EUUK-V2-0-2026-08-03,11,ups_mode,ups_mode
E2000-HTE152-Jackery-HomePower-2000-Plus-User-Manual-JE-2000E-EUUK-V2-0-2026-08-03,12,extra_battery,connections
E2000-HTE152-Jackery-HomePower-2000-Plus-User-Manual-JE-2000E-EUUK-V2-0-2026-08-03,13,charging,charging
E2000-HTE152-Jackery-HomePower-2000-Plus-User-Manual-JE-2000E-EUUK-V2-0-2026-08-03,14,storage_maintenance,storage
E2000-HTE152-Jackery-HomePower-2000-Plus-User-Manual-JE-2000E-EUUK-V2-0-2026-08-03,15,troubleshooting,troubleshooting
E2000-HTE152-Jackery-HomePower-2000-Plus-User-Manual-JE-2000E-EUUK-V2-0-2026-08-03,16,specifications,specifications
E2000-HTE152-Jackery-HomePower-2000-Plus-User-Manual-JE-2000E-EUUK-V2-0-2026-08-03,17,warranty,warranty
E2000-HTE152-Jackery-HomePower-2000-Plus-User-Manual-JE-2000E-EUUK-V2-0-2026-08-03,18,app_setup,app_setup
E2000-HTE152-Jackery-HomePower-2000-Plus-User-Manual-JE-2000E-EUUK-V2-0-2026-08-03,19,regulatory_compliance,regulatory_compliance
E2000-HTE152-Jackery-HomePower-2000-Plus-User-Manual-JE-2000E-EUUK-V2-0-2026-08-03,20,back_cover,back_cover
E2000-HTE152-Jackery-HomePower-2000-Plus-User-Manual-V2-0-2026-05-28,1,cover,cover
E2000-HTE152-Jackery-HomePower-2000-Plus-User-Manual-V2-0-2026-05-28,2,preface_important,preface_important
E2000-HTE152-Jackery-HomePower-2000-Plus-User-Manual-V2-0-2026-05-28,3,toc,toc
E2000-HTE152-Jackery-HomePower-2000-Plus-User-Manual-V2-0-2026-05-28,4,safety_info,safety_info
E2000-HTE152-Jackery-HomePower-2000-Plus-User-Manual-V2-0-2026-05-28,5,user_maintenance_instructions,user_maintenance_instructions
E2000-HTE152-Jackery-HomePower-2000-Plus-User-Manual-V2-0-2026-05-28,6,symbol_meaning,symbol_meaning
E2000-HTE152-Jackery-HomePower-2000-Plus-User-Manual-V2-0-2026-05-28,7,box_contents,box_contents
E2000-HTE152-Jackery-HomePower-2000-Plus-User-Manual-V2-0-2026-05-28,8,product_overview,product_overview
E2000-HTE152-Jackery-HomePower-2000-Plus-User-Manual-V2-0-2026-05-28,9,lcd_display,lcd_display
E2000-HTE152-Jackery-HomePower-2000-Plus-User-Manual-V2-0-2026-05-28,10,operation,operation
E2000-HTE152-Jackery-HomePower-2000-Plus-User-Manual-V2-0-2026-05-28,11,ups_mode,ups_mode
E2000-HTE152-Jackery-HomePower-2000-Plus-User-Manual-V2-0-2026-05-28,12,extra_battery,connections
E2000-HTE152-Jackery-HomePower-2000-Plus-User-Manual-V2-0-2026-05-28,13,charging,charging
E2000-HTE152-Jackery-HomePower-2000-Plus-User-Manual-V2-0-2026-05-28,14,storage_maintenance,storage
E2000-HTE152-Jackery-HomePower-2000-Plus-User-Manual-V2-0-2026-05-28,15,troubleshooting,troubleshooting
E2000-HTE152-Jackery-HomePower-2000-Plus-User-Manual-V2-0-2026-05-28,16,specifications,specifications
E2000-HTE152-Jackery-HomePower-2000-Plus-User-Manual-V2-0-2026-05-28,17,warranty,warranty
E2000-HTE152-Jackery-HomePower-2000-Plus-User-Manual-V2-0-2026-05-28,18,app_setup,app_setup
E2000-HTE152-Jackery-HomePower-2000-Plus-User-Manual-V2-0-2026-05-28,19,back_cover,back_cover
E2000-HTE154-2000-Pro-3-V2-0-2026-08-18,1,cover,cover
E2000-HTE154-2000-Pro-3-V2-0-2026-08-18,2,safety_info,safety_info
E2000-HTE154-2000-Pro-3-V2-0-2026-08-18,3,box_contents,box_contents
E2000-HTE154-2000-Pro-3-V2-0-2026-08-18,4,product_overview,product_overview
E2000-HTE154-2000-Pro-3-V2-0-2026-08-18,5,lcd_display,lcd_display
E2000-HTE154-2000-Pro-3-V2-0-2026-08-18,6,operation,operation
E2000-HTE154-2000-Pro-3-V2-0-2026-08-18,7,ups_mode,ups_mode
E2000-HTE154-2000-Pro-3-V2-0-2026-08-18,8,charging,charging
E2000-HTE154-2000-Pro-3-V2-0-2026-08-18,9,storage_maintenance,storage
E2000-HTE154-2000-Pro-3-V2-0-2026-08-18,10,troubleshooting,troubleshooting
E2000-HTE154-2000-Pro-3-V2-0-2026-08-18,11,specifications,specifications
E2000-HTE154-2000-Pro-3-V2-0-2026-08-18,12,app_setup,app_setup
E2000-HTE154-2000-Pro-3-V2-0-2026-08-18,13,back_cover,cn_conformity_certificate
E2000-HTE154-Jackery-2000-New-V2-0-2026-06-24,1,cover,cover
E2000-HTE154-Jackery-2000-New-V2-0-2026-06-24,2,toc,toc
E2000-HTE154-Jackery-2000-New-V2-0-2026-06-24,3,safety_info,safety_info
E2000-HTE154-Jackery-2000-New-V2-0-2026-06-24,4,symbol_meaning,symbol_meaning
E2000-HTE154-Jackery-2000-New-V2-0-2026-06-24,5,usage_precautions,usage_precautions
E2000-HTE154-Jackery-2000-New-V2-0-2026-06-24,6,disclaimer,disclaimer
E2000-HTE154-Jackery-2000-New-V2-0-2026-06-24,7,box_contents,box_contents
E2000-HTE154-Jackery-2000-New-V2-0-2026-06-24,8,product_overview,product_overview
E2000-HTE154-Jackery-2000-New-V2-0-2026-06-24,9,lcd_display,lcd_display
E2000-HTE154-Jackery-2000-New-V2-0-2026-06-24,10,operation,operation
E2000-HTE154-Jackery-2000-New-V2-0-2026-06-24,11,ups_mode,ups_mode
E2000-HTE154-Jackery-2000-New-V2-0-2026-06-24,12,charging,charging
E2000-HTE154-Jackery-2000-New-V2-0-2026-06-24,13,troubleshooting,troubleshooting
E2000-HTE154-Jackery-2000-New-V2-0-2026-06-24,14,specifications,specifications
E2000-HTE154-Jackery-2000-New-V2-0-2026-06-24,15,warranty,warranty
E2000-HTE154-Jackery-2000-New-V2-0-2026-06-24,16,app_setup,app_setup
E2000-HTE154-Jackery-2000-New-V2-0-2026-06-24,17,back_cover,back_cover
E2000-HTE154-Jackery-Explorer-2000-User-Manual-JE-2000F-EUUK-V2-0-2026-08-04,1,cover,cover
E2000-HTE154-Jackery-Explorer-2000-User-Manual-JE-2000F-EUUK-V2-0-2026-08-04,2,preface_important,preface_important
E2000-HTE154-Jackery-Explorer-2000-User-Manual-JE-2000F-EUUK-V2-0-2026-08-04,3,toc,toc
E2000-HTE154-Jackery-Explorer-2000-User-Manual-JE-2000F-EUUK-V2-0-2026-08-04,4,safety_info,safety_info
E2000-HTE154-Jackery-Explorer-2000-User-Manual-JE-2000F-EUUK-V2-0-2026-08-04,5,symbol_meaning,symbol_meaning
E2000-HTE154-Jackery-Explorer-2000-User-Manual-JE-2000F-EUUK-V2-0-2026-08-04,6,user_maintenance_instructions,user_maintenance_instructions
E2000-HTE154-Jackery-Explorer-2000-User-Manual-JE-2000F-EUUK-V2-0-2026-08-04,7,box_contents,box_contents
E2000-HTE154-Jackery-Explorer-2000-User-Manual-JE-2000F-EUUK-V2-0-2026-08-04,8,product_overview,product_overview
E2000-HTE154-Jackery-Explorer-2000-User-Manual-JE-2000F-EUUK-V2-0-2026-08-04,9,lcd_display,lcd_display
E2000-HTE154-Jackery-Explorer-2000-User-Manual-JE-2000F-EUUK-V2-0-2026-08-04,10,operation,operation
E2000-HTE154-Jackery-Explorer-2000-User-Manual-JE-2000F-EUUK-V2-0-2026-08-04,11,ups_mode,ups_mode
E2000-HTE154-Jackery-Explorer-2000-User-Manual-JE-2000F-EUUK-V2-0-2026-08-04,12,key_combinations,key_combinations
E2000-HTE154-Jackery-Explorer-2000-User-Manual-JE-2000F-EUUK-V2-0-2026-08-04,13,charging,charging
E2000-HTE154-Jackery-Explorer-2000-User-Manual-JE-2000F-EUUK-V2-0-2026-08-04,14,storage_maintenance,storage
E2000-HTE154-Jackery-Explorer-2000-User-Manual-JE-2000F-EUUK-V2-0-2026-08-04,15,troubleshooting,troubleshooting
E2000-HTE154-Jackery-Explorer-2000-User-Manual-JE-2000F-EUUK-V2-0-2026-08-04,16,specifications,specifications
E2000-HTE154-Jackery-Explorer-2000-User-Manual-JE-2000F-EUUK-V2-0-2026-08-04,17,warranty,warranty
E2000-HTE154-Jackery-Explorer-2000-User-Manual-JE-2000F-EUUK-V2-0-2026-08-04,18,app_setup,app_setup
E2000-HTE154-Jackery-Explorer-2000-User-Manual-JE-2000F-EUUK-V2-0-2026-08-04,19,regulatory_compliance,regulatory_compliance
E2000-HTE154-Jackery-Explorer-2000-User-Manual-JE-2000F-EUUK-V2-0-2026-08-04,20,back_cover,back_cover
E2000-HTE154-Jackery-Explorer-2000-User-Manual-V2-0-2026-04-30,1,cover,cover
E2000-HTE154-Jackery-Explorer-2000-User-Manual-V2-0-2026-04-30,2,preface_important,preface_important
E2000-HTE154-Jackery-Explorer-2000-User-Manual-V2-0-2026-04-30,3,toc,toc
E2000-HTE154-Jackery-Explorer-2000-User-Manual-V2-0-2026-04-30,4,safety_info,safety_info
E2000-HTE154-Jackery-Explorer-2000-User-Manual-V2-0-2026-04-30,5,user_maintenance_instructions,user_maintenance_instructions
E2000-HTE154-Jackery-Explorer-2000-User-Manual-V2-0-2026-04-30,6,symbol_meaning,symbol_meaning
E2000-HTE154-Jackery-Explorer-2000-User-Manual-V2-0-2026-04-30,7,box_contents,box_contents
E2000-HTE154-Jackery-Explorer-2000-User-Manual-V2-0-2026-04-30,8,fcc,fcc
E2000-HTE154-Jackery-Explorer-2000-User-Manual-V2-0-2026-04-30,9,product_overview,product_overview
E2000-HTE154-Jackery-Explorer-2000-User-Manual-V2-0-2026-04-30,10,lcd_display,lcd_display
E2000-HTE154-Jackery-Explorer-2000-User-Manual-V2-0-2026-04-30,11,operation,operation
E2000-HTE154-Jackery-Explorer-2000-User-Manual-V2-0-2026-04-30,12,ups_mode,ups_mode
E2000-HTE154-Jackery-Explorer-2000-User-Manual-V2-0-2026-04-30,13,key_combinations,key_combinations
E2000-HTE154-Jackery-Explorer-2000-User-Manual-V2-0-2026-04-30,14,charging,charging
E2000-HTE154-Jackery-Explorer-2000-User-Manual-V2-0-2026-04-30,15,storage_maintenance,storage
E2000-HTE154-Jackery-Explorer-2000-User-Manual-V2-0-2026-04-30,16,troubleshooting,troubleshooting
E2000-HTE154-Jackery-Explorer-2000-User-Manual-V2-0-2026-04-30,17,specifications,specifications
E2000-HTE154-Jackery-Explorer-2000-User-Manual-V2-0-2026-04-30,18,warranty,warranty
E2000-HTE154-Jackery-Explorer-2000-User-Manual-V2-0-2026-04-30,19,app_setup,app_setup
E2000-HTE154-Jackery-Explorer-2000-User-Manual-V2-0-2026-04-30,20,back_cover,back_cover
E240-HTE110-Jackery-Explorer-240-User-Manual-JE-240A-EU-UK-202408,1,cover,cover
E240-HTE110-Jackery-Explorer-240-User-Manual-JE-240A-EU-UK-202408,2,toc,toc
E240-HTE110-Jackery-Explorer-240-User-Manual-JE-240A-EU-UK-202408,3,preface_important,preface_important
E240-HTE110-Jackery-Explorer-240-User-Manual-JE-240A-EU-UK-202408,4,specifications,specifications
E240-HTE110-Jackery-Explorer-240-User-Manual-JE-240A-EU-UK-202408,5,regulatory_compliance,regulatory_compliance
E240-HTE110-Jackery-Explorer-240-User-Manual-JE-240A-EU-UK-202408,6,box_contents,box_contents
E240-HTE110-Jackery-Explorer-240-User-Manual-JE-240A-EU-UK-202408,7,product_overview,product_overview
E240-HTE110-Jackery-Explorer-240-User-Manual-JE-240A-EU-UK-202408,8,lcd_display,lcd_display
E240-HTE110-Jackery-Explorer-240-User-Manual-JE-240A-EU-UK-202408,9,ups_mode,ups_mode
E240-HTE110-Jackery-Explorer-240-User-Manual-JE-240A-EU-UK-202408,10,operation,operation
E240-HTE110-Jackery-Explorer-240-User-Manual-JE-240A-EU-UK-202408,11,troubleshooting,troubleshooting
E240-HTE110-Jackery-Explorer-240-User-Manual-JE-240A-EU-UK-202408,12,app_setup,app_setup
E240-HTE110-Jackery-Explorer-240-User-Manual-JE-240A-EU-UK-202408,13,charging,charging
E240-HTE110-Jackery-Explorer-240-User-Manual-JE-240A-EU-UK-202408,14,safety_info,safety_info
E240-HTE110-Jackery-Explorer-240-User-Manual-JE-240A-EU-UK-202408,15,warranty,warranty
E240-HTE110-Jackery-Explorer-240-User-Manual-JE-240A-EU-UK-202408,16,app_setup,
E240-HTE110-Jackery-Explorer-240-User-Manual-JE-240A-EU-UK-202408,17,back_cover,back_cover
E1000-HTE153-1000-Pro-3-V2-0-2026-08-18,1,cover,cover
E1000-HTE153-1000-Pro-3-V2-0-2026-08-18,2,safety_info,safety_info
E1000-HTE153-1000-Pro-3-V2-0-2026-08-18,3,box_contents,box_contents
E1000-HTE153-1000-Pro-3-V2-0-2026-08-18,4,product_overview,product_overview
E1000-HTE153-1000-Pro-3-V2-0-2026-08-18,5,lcd_display,lcd_display
E1000-HTE153-1000-Pro-3-V2-0-2026-08-18,6,operation,operation
E1000-HTE153-1000-Pro-3-V2-0-2026-08-18,7,ups_mode,ups_mode
E1000-HTE153-1000-Pro-3-V2-0-2026-08-18,8,charging,charging
E1000-HTE153-1000-Pro-3-V2-0-2026-08-18,9,troubleshooting,troubleshooting
E1000-HTE153-1000-Pro-3-V2-0-2026-08-18,10,storage_maintenance,storage
E1000-HTE153-1000-Pro-3-V2-0-2026-08-18,11,specifications,specifications
E1000-HTE153-1000-Pro-3-V2-0-2026-08-18,12,app_setup,app_setup
E1000-HTE153-1000-Pro-3-V2-0-2026-08-18,13,back_cover,cn_conformity_certificate
E1000-HTE153-Jackery-1000-New-V1-0-2026-06-05,1,cover,cover
E1000-HTE153-Jackery-1000-New-V1-0-2026-06-05,2,toc,toc
E1000-HTE153-Jackery-1000-New-V1-0-2026-06-05,3,safety_info,safety_info
E1000-HTE153-Jackery-1000-New-V1-0-2026-06-05,4,symbol_meaning,symbol_meaning
E1000-HTE153-Jackery-1000-New-V1-0-2026-06-05,5,usage_precautions,usage_precautions
E1000-HTE153-Jackery-1000-New-V1-0-2026-06-05,6,disclaimer,disclaimer
E1000-HTE153-Jackery-1000-New-V1-0-2026-06-05,7,box_contents,box_contents
E1000-HTE153-Jackery-1000-New-V1-0-2026-06-05,8,product_overview,product_overview
E1000-HTE153-Jackery-1000-New-V1-0-2026-06-05,9,lcd_display,lcd_display
E1000-HTE153-Jackery-1000-New-V1-0-2026-06-05,10,operation,operation
E1000-HTE153-Jackery-1000-New-V1-0-2026-06-05,11,ups_mode,ups_mode
E1000-HTE153-Jackery-1000-New-V1-0-2026-06-05,12,charging,charging
E1000-HTE153-Jackery-1000-New-V1-0-2026-06-05,13,troubleshooting,troubleshooting
E1000-HTE153-Jackery-1000-New-V1-0-2026-06-05,14,specifications,specifications
E1000-HTE153-Jackery-1000-New-V1-0-2026-06-05,15,warranty,warranty
E1000-HTE153-Jackery-1000-New-V1-0-2026-06-05,16,app_setup,app_setup
E1000-HTE153-Jackery-1000-New-V1-0-2026-06-05,17,back_cover,back_cover
E1000-HTE153-Jackery-Explorer-1000-User-Manual-JE-1000F-V2-0-EU-UK-2026-06-18,1,cover,cover
E1000-HTE153-Jackery-Explorer-1000-User-Manual-JE-1000F-V2-0-EU-UK-2026-06-18,2,preface_important,preface_important
E1000-HTE153-Jackery-Explorer-1000-User-Manual-JE-1000F-V2-0-EU-UK-2026-06-18,3,toc,toc
E1000-HTE153-Jackery-Explorer-1000-User-Manual-JE-1000F-V2-0-EU-UK-2026-06-18,4,safety_info,safety_info
E1000-HTE153-Jackery-Explorer-1000-User-Manual-JE-1000F-V2-0-EU-UK-2026-06-18,5,symbol_meaning,symbol_meaning
E1000-HTE153-Jackery-Explorer-1000-User-Manual-JE-1000F-V2-0-EU-UK-2026-06-18,6,user_maintenance_instructions,user_maintenance_instructions
E1000-HTE153-Jackery-Explorer-1000-User-Manual-JE-1000F-V2-0-EU-UK-2026-06-18,7,box_contents,box_contents
E1000-HTE153-Jackery-Explorer-1000-User-Manual-JE-1000F-V2-0-EU-UK-2026-06-18,8,product_overview,product_overview
E1000-HTE153-Jackery-Explorer-1000-User-Manual-JE-1000F-V2-0-EU-UK-2026-06-18,9,lcd_display,lcd_display
E1000-HTE153-Jackery-Explorer-1000-User-Manual-JE-1000F-V2-0-EU-UK-2026-06-18,10,operation,operation
E1000-HTE153-Jackery-Explorer-1000-User-Manual-JE-1000F-V2-0-EU-UK-2026-06-18,11,ups_mode,ups_mode
E1000-HTE153-Jackery-Explorer-1000-User-Manual-JE-1000F-V2-0-EU-UK-2026-06-18,12,charging,charging
E1000-HTE153-Jackery-Explorer-1000-User-Manual-JE-1000F-V2-0-EU-UK-2026-06-18,13,storage_maintenance,storage
E1000-HTE153-Jackery-Explorer-1000-User-Manual-JE-1000F-V2-0-EU-UK-2026-06-18,14,troubleshooting,troubleshooting
E1000-HTE153-Jackery-Explorer-1000-User-Manual-JE-1000F-V2-0-EU-UK-2026-06-18,15,specifications,specifications
E1000-HTE153-Jackery-Explorer-1000-User-Manual-JE-1000F-V2-0-EU-UK-2026-06-18,16,warranty,warranty
E1000-HTE153-Jackery-Explorer-1000-User-Manual-JE-1000F-V2-0-EU-UK-2026-06-18,17,app_setup,app_setup
E1000-HTE153-Jackery-Explorer-1000-User-Manual-JE-1000F-V2-0-EU-UK-2026-06-18,18,regulatory_compliance,regulatory_compliance
E1000-HTE153-Jackery-Explorer-1000-User-Manual-JE-1000F-V2-0-EU-UK-2026-06-18,19,back_cover,back_cover
E1000-HTE153-Jackery-Explorer-1000-User-Manual-V2-0-2026-07-28,1,cover,cover
E1000-HTE153-Jackery-Explorer-1000-User-Manual-V2-0-2026-07-28,2,preface_important,preface_important
E1000-HTE153-Jackery-Explorer-1000-User-Manual-V2-0-2026-07-28,3,toc,toc
E1000-HTE153-Jackery-Explorer-1000-User-Manual-V2-0-2026-07-28,4,safety_info,safety_info
E1000-HTE153-Jackery-Explorer-1000-User-Manual-V2-0-2026-07-28,5,symbol_meaning,symbol_meaning
E1000-HTE153-Jackery-Explorer-1000-User-Manual-V2-0-2026-07-28,6,user_maintenance_instructions,user_maintenance_instructions
E1000-HTE153-Jackery-Explorer-1000-User-Manual-V2-0-2026-07-28,7,box_contents,box_contents
E1000-HTE153-Jackery-Explorer-1000-User-Manual-V2-0-2026-07-28,8,product_overview,product_overview
E1000-HTE153-Jackery-Explorer-1000-User-Manual-V2-0-2026-07-28,9,lcd_display,lcd_display
E1000-HTE153-Jackery-Explorer-1000-User-Manual-V2-0-2026-07-28,10,operation,operation
E1000-HTE153-Jackery-Explorer-1000-User-Manual-V2-0-2026-07-28,11,ups_mode,ups_mode
E1000-HTE153-Jackery-Explorer-1000-User-Manual-V2-0-2026-07-28,12,charging,charging
E1000-HTE153-Jackery-Explorer-1000-User-Manual-V2-0-2026-07-28,13,storage_maintenance,storage
E1000-HTE153-Jackery-Explorer-1000-User-Manual-V2-0-2026-07-28,14,troubleshooting,troubleshooting
E1000-HTE153-Jackery-Explorer-1000-User-Manual-V2-0-2026-07-28,15,specifications,specifications
E1000-HTE153-Jackery-Explorer-1000-User-Manual-V2-0-2026-07-28,16,warranty,warranty
E1000-HTE153-Jackery-Explorer-1000-User-Manual-V2-0-2026-07-28,17,app_setup,app_setup
E1000-HTE153-Jackery-Explorer-1000-User-Manual-V2-0-2026-07-28,18,back_cover,back_cover
E3600-HTE139-3600-Plus,1,cover,cover
E3600-HTE139-3600-Plus,2,safety_info,safety_info
E3600-HTE139-3600-Plus,3,box_contents,box_contents
E3600-HTE139-3600-Plus,4,product_overview,product_overview
E3600-HTE139-3600-Plus,5,lcd_display,lcd_display
E3600-HTE139-3600-Plus,6,operation,operation
E3600-HTE139-3600-Plus,7,ups_mode,ups_mode
E3600-HTE139-3600-Plus,8,connections,connections
E3600-HTE139-3600-Plus,9,charging,charging
E3600-HTE139-3600-Plus,10,storage_maintenance,storage
E3600-HTE139-3600-Plus,11,troubleshooting,troubleshooting
E3600-HTE139-3600-Plus,12,specifications,specifications
E3600-HTE139-3600-Plus,13,app_setup,app_setup
E3600-HTE139-3600-Plus,14,back_cover,cn_conformity_certificate
E3600-HTE139-Jackery-3600-Plus,1,cover,cover
E3600-HTE139-Jackery-3600-Plus,2,toc,toc
E3600-HTE139-Jackery-3600-Plus,3,safety_info,safety_info
E3600-HTE139-Jackery-3600-Plus,4,symbol_meaning,symbol_meaning
E3600-HTE139-Jackery-3600-Plus,5,usage_precautions,usage_precautions
E3600-HTE139-Jackery-3600-Plus,6,disclaimer,disclaimer
E3600-HTE139-Jackery-3600-Plus,7,box_contents,box_contents
E3600-HTE139-Jackery-3600-Plus,8,product_overview,product_overview
E3600-HTE139-Jackery-3600-Plus,9,lcd_display,lcd_display
E3600-HTE139-Jackery-3600-Plus,10,operation,operation
E3600-HTE139-Jackery-3600-Plus,11,ups_mode,ups_mode
E3600-HTE139-Jackery-3600-Plus,12,connections,connections
E3600-HTE139-Jackery-3600-Plus,13,charging,charging
E3600-HTE139-Jackery-3600-Plus,14,troubleshooting,troubleshooting
E3600-HTE139-Jackery-3600-Plus,15,specifications,specifications
E3600-HTE139-Jackery-3600-Plus,16,warranty,warranty
E3600-HTE139-Jackery-3600-Plus,17,app_setup,app_setup
E3600-HTE139-Jackery-3600-Plus,18,back_cover,back_cover
E3600-HTE139-Jackery-Explorer-3600-Plus-EU-UK,1,cover,cover
E3600-HTE139-Jackery-Explorer-3600-Plus-EU-UK,2,preface_important,preface_important
E3600-HTE139-Jackery-Explorer-3600-Plus-EU-UK,3,toc,toc
E3600-HTE139-Jackery-Explorer-3600-Plus-EU-UK,4,safety_info,safety_info
E3600-HTE139-Jackery-Explorer-3600-Plus-EU-UK,5,user_maintenance_instructions,user_maintenance_instructions
E3600-HTE139-Jackery-Explorer-3600-Plus-EU-UK,6,symbol_meaning,symbol_meaning
E3600-HTE139-Jackery-Explorer-3600-Plus-EU-UK,7,box_contents,box_contents
E3600-HTE139-Jackery-Explorer-3600-Plus-EU-UK,8,product_overview,product_overview
E3600-HTE139-Jackery-Explorer-3600-Plus-EU-UK,9,lcd_display,lcd_display
E3600-HTE139-Jackery-Explorer-3600-Plus-EU-UK,10,operation,operation
E3600-HTE139-Jackery-Explorer-3600-Plus-EU-UK,11,ups_mode,ups_mode
E3600-HTE139-Jackery-Explorer-3600-Plus-EU-UK,12,connections,connections
E3600-HTE139-Jackery-Explorer-3600-Plus-EU-UK,13,charging,charging
E3600-HTE139-Jackery-Explorer-3600-Plus-EU-UK,14,storage_maintenance,storage
E3600-HTE139-Jackery-Explorer-3600-Plus-EU-UK,15,troubleshooting,troubleshooting
E3600-HTE139-Jackery-Explorer-3600-Plus-EU-UK,16,specifications,specifications
E3600-HTE139-Jackery-Explorer-3600-Plus-EU-UK,17,warranty,warranty
E3600-HTE139-Jackery-Explorer-3600-Plus-EU-UK,18,app_setup,app_setup
E3600-HTE139-Jackery-Explorer-3600-Plus-EU-UK,19,regulatory_compliance,regulatory_compliance
E3600-HTE139-Jackery-Explorer-3600-Plus-EU-UK,20,back_cover,back_cover
E3600-HTE139-Jackery-HomePower-3600-Plus-Portable-Power-Station-User-Manual-3600C,1,cover,cover
E3600-HTE139-Jackery-HomePower-3600-Plus-Portable-Power-Station-User-Manual-3600C,2,preface_important,preface_important
E3600-HTE139-Jackery-HomePower-3600-Plus-Portable-Power-Station-User-Manual-3600C,3,toc,toc
E3600-HTE139-Jackery-HomePower-3600-Plus-Portable-Power-Station-User-Manual-3600C,4,safety_info,safety_info
E3600-HTE139-Jackery-HomePower-3600-Plus-Portable-Power-Station-User-Manual-3600C,5,symbol_meaning,symbol_meaning
E3600-HTE139-Jackery-HomePower-3600-Plus-Portable-Power-Station-User-Manual-3600C,6,box_contents,box_contents
E3600-HTE139-Jackery-HomePower-3600-Plus-Portable-Power-Station-User-Manual-3600C,7,fcc,fcc
E3600-HTE139-Jackery-HomePower-3600-Plus-Portable-Power-Station-User-Manual-3600C,8,product_overview,product_overview
E3600-HTE139-Jackery-HomePower-3600-Plus-Portable-Power-Station-User-Manual-3600C,9,lcd_display,lcd_display
E3600-HTE139-Jackery-HomePower-3600-Plus-Portable-Power-Station-User-Manual-3600C,10,operation,operation
E3600-HTE139-Jackery-HomePower-3600-Plus-Portable-Power-Station-User-Manual-3600C,11,ups_mode,ups_mode
E3600-HTE139-Jackery-HomePower-3600-Plus-Portable-Power-Station-User-Manual-3600C,12,connections,connections
E3600-HTE139-Jackery-HomePower-3600-Plus-Portable-Power-Station-User-Manual-3600C,13,charging,charging
E3600-HTE139-Jackery-HomePower-3600-Plus-Portable-Power-Station-User-Manual-3600C,14,storage_maintenance,storage
E3600-HTE139-Jackery-HomePower-3600-Plus-Portable-Power-Station-User-Manual-3600C,15,troubleshooting,troubleshooting
E3600-HTE139-Jackery-HomePower-3600-Plus-Portable-Power-Station-User-Manual-3600C,16,specifications,specifications
E3600-HTE139-Jackery-HomePower-3600-Plus-Portable-Power-Station-User-Manual-3600C,17,warranty,warranty
E3600-HTE139-Jackery-HomePower-3600-Plus-Portable-Power-Station-User-Manual-3600C,18,app_setup,app_setup
E3600-HTE139-Jackery-HomePower-3600-Plus-Portable-Power-Station-User-Manual-3600C,19,back_cover,back_cover
E3600-HTE157-Jackery-HomePower3600-Pro-Max-Portable-Power-Station-User-Manual-1,1,cover,cover
E3600-HTE157-Jackery-HomePower3600-Pro-Max-Portable-Power-Station-User-Manual-1,2,preface_important,preface_important
E3600-HTE157-Jackery-HomePower3600-Pro-Max-Portable-Power-Station-User-Manual-1,3,toc,toc
E3600-HTE157-Jackery-HomePower3600-Pro-Max-Portable-Power-Station-User-Manual-1,4,safety_info,safety_info
E3600-HTE157-Jackery-HomePower3600-Pro-Max-Portable-Power-Station-User-Manual-1,5,user_maintenance_instructions,user_maintenance_instructions
E3600-HTE157-Jackery-HomePower3600-Pro-Max-Portable-Power-Station-User-Manual-1,6,symbol_meaning,symbol_meaning
E3600-HTE157-Jackery-HomePower3600-Pro-Max-Portable-Power-Station-User-Manual-1,7,box_contents,box_contents
E3600-HTE157-Jackery-HomePower3600-Pro-Max-Portable-Power-Station-User-Manual-1,8,fcc,fcc
E3600-HTE157-Jackery-HomePower3600-Pro-Max-Portable-Power-Station-User-Manual-1,9,product_overview,product_overview
E3600-HTE157-Jackery-HomePower3600-Pro-Max-Portable-Power-Station-User-Manual-1,10,lcd_display,lcd_display
E3600-HTE157-Jackery-HomePower3600-Pro-Max-Portable-Power-Station-User-Manual-1,11,operation,operation
E3600-HTE157-Jackery-HomePower3600-Pro-Max-Portable-Power-Station-User-Manual-1,12,ups_mode,ups_mode
E3600-HTE157-Jackery-HomePower3600-Pro-Max-Portable-Power-Station-User-Manual-1,13,connections,connections
E3600-HTE157-Jackery-HomePower3600-Pro-Max-Portable-Power-Station-User-Manual-1,14,charging,charging
E3600-HTE157-Jackery-HomePower3600-Pro-Max-Portable-Power-Station-User-Manual-1,15,troubleshooting,troubleshooting
E3600-HTE157-Jackery-HomePower3600-Pro-Max-Portable-Power-Station-User-Manual-1,16,storage_maintenance,storage
E3600-HTE157-Jackery-HomePower3600-Pro-Max-Portable-Power-Station-User-Manual-1,17,specifications,specifications
E3600-HTE157-Jackery-HomePower3600-Pro-Max-Portable-Power-Station-User-Manual-1,18,warranty,warranty
E3600-HTE157-Jackery-HomePower3600-Pro-Max-Portable-Power-Station-User-Manual-1,19,app_setup,app_setup
E3600-HTE157-Jackery-HomePower3600-Pro-Max-Portable-Power-Station-User-Manual-1,20,smart_home_backup_ess,smart_home_backup_ess
E3600-HTE157-Jackery-HomePower3600-Pro-Max-Portable-Power-Station-User-Manual-1,21,back_cover,back_cover
E100-HTE162-100D-V2-0-2026-07-31,1,cover,cover
E100-HTE162-100D-V2-0-2026-07-31,2,preface_important,preface_important
E100-HTE162-100D-V2-0-2026-07-31,3,warranty,warranty
E100-HTE162-100D-V2-0-2026-07-31,4,safety_info,safety_info
E100-HTE162-100D-V2-0-2026-07-31,5,box_contents,box_contents
E100-HTE162-100D-V2-0-2026-07-31,6,product_overview,product_overview
E100-HTE162-100D-V2-0-2026-07-31,7,lcd_display,lcd_display
E100-HTE162-100D-V2-0-2026-07-31,8,operation,operation
E100-HTE162-100D-V2-0-2026-07-31,9,screen_operation,
E100-HTE162-100D-V2-0-2026-07-31,10,charging,charging
E100-HTE162-100D-V2-0-2026-07-31,11,storage_maintenance,storage
E100-HTE162-100D-V2-0-2026-07-31,12,specifications,specifications
E100-HTE162-100D-V2-0-2026-07-31,13,certificate_of_conformity,cn_conformity_certificate
E100-HTE162-Jackery-Explorer-100D-User-Manual-JE-100C-EUUK-V2-0-2026-08-03,1,cover,cover
E100-HTE162-Jackery-Explorer-100D-User-Manual-JE-100C-EUUK-V2-0-2026-08-03,2,toc,toc
E100-HTE162-Jackery-Explorer-100D-User-Manual-JE-100C-EUUK-V2-0-2026-08-03,3,safety_info,safety_info
E100-HTE162-Jackery-Explorer-100D-User-Manual-JE-100C-EUUK-V2-0-2026-08-03,4,user_maintenance_instructions,user_maintenance_instructions
E100-HTE162-Jackery-Explorer-100D-User-Manual-JE-100C-EUUK-V2-0-2026-08-03,5,symbol_meaning,symbol_meaning
E100-HTE162-Jackery-Explorer-100D-User-Manual-JE-100C-EUUK-V2-0-2026-08-03,6,box_contents,box_contents
E100-HTE162-Jackery-Explorer-100D-User-Manual-JE-100C-EUUK-V2-0-2026-08-03,7,product_overview,product_overview
E100-HTE162-Jackery-Explorer-100D-User-Manual-JE-100C-EUUK-V2-0-2026-08-03,8,lcd_display,lcd_display
E100-HTE162-Jackery-Explorer-100D-User-Manual-JE-100C-EUUK-V2-0-2026-08-03,9,operation,operation
E100-HTE162-Jackery-Explorer-100D-User-Manual-JE-100C-EUUK-V2-0-2026-08-03,10,charging,charging
E100-HTE162-Jackery-Explorer-100D-User-Manual-JE-100C-EUUK-V2-0-2026-08-03,11,storage_maintenance,storage
E100-HTE162-Jackery-Explorer-100D-User-Manual-JE-100C-EUUK-V2-0-2026-08-03,12,specifications,specifications
E100-HTE162-Jackery-Explorer-100D-User-Manual-JE-100C-EUUK-V2-0-2026-08-03,13,warranty,warranty
E100-HTE162-Jackery-Explorer-100D-User-Manual-JE-100C-USCA-V1-0-2026-08-18,1,cover,cover
E100-HTE162-Jackery-Explorer-100D-User-Manual-JE-100C-USCA-V1-0-2026-08-18,2,toc,toc
E100-HTE162-Jackery-Explorer-100D-User-Manual-JE-100C-USCA-V1-0-2026-08-18,3,safety_info,safety_info
E100-HTE162-Jackery-Explorer-100D-User-Manual-JE-100C-USCA-V1-0-2026-08-18,4,user_maintenance_instructions,user_maintenance_instructions
E100-HTE162-Jackery-Explorer-100D-User-Manual-JE-100C-USCA-V1-0-2026-08-18,5,symbol_meaning,symbol_meaning
E100-HTE162-Jackery-Explorer-100D-User-Manual-JE-100C-USCA-V1-0-2026-08-18,6,fcc,fcc
E100-HTE162-Jackery-Explorer-100D-User-Manual-JE-100C-USCA-V1-0-2026-08-18,7,box_contents,box_contents
E100-HTE162-Jackery-Explorer-100D-User-Manual-JE-100C-USCA-V1-0-2026-08-18,8,product_overview,product_overview
E100-HTE162-Jackery-Explorer-100D-User-Manual-JE-100C-USCA-V1-0-2026-08-18,9,lcd_display,lcd_display
E100-HTE162-Jackery-Explorer-100D-User-Manual-JE-100C-USCA-V1-0-2026-08-18,10,operation,operation
E100-HTE162-Jackery-Explorer-100D-User-Manual-JE-100C-USCA-V1-0-2026-08-18,11,charging,charging
E100-HTE162-Jackery-Explorer-100D-User-Manual-JE-100C-USCA-V1-0-2026-08-18,12,storage_maintenance,storage
E100-HTE162-Jackery-Explorer-100D-User-Manual-JE-100C-USCA-V1-0-2026-08-18,13,specifications,specifications
E100-HTE162-Jackery-Explorer-100D-User-Manual-JE-100C-USCA-V1-0-2026-08-18,14,warranty,warranty
E100-HTE162-Jackery-Explorer-100D-User-Manual-JE-100C-USCA-V1-0-2026-08-18,15,back_cover,back_cover
E1000-HTE151-Jackery-SlimPower-H1-V2-0-2026-07-29,1,cover,cover
E1000-HTE151-Jackery-SlimPower-H1-V2-0-2026-07-29,2,toc,toc
E1000-HTE151-Jackery-SlimPower-H1-V2-0-2026-07-29,3,safety_info,safety_info
E1000-HTE151-Jackery-SlimPower-H1-V2-0-2026-07-29,4,usage_precautions,usage_precautions
E1000-HTE151-Jackery-SlimPower-H1-V2-0-2026-07-29,5,disclaimer,disclaimer
E1000-HTE151-Jackery-SlimPower-H1-V2-0-2026-07-29,6,box_contents,box_contents
E1000-HTE151-Jackery-SlimPower-H1-V2-0-2026-07-29,7,product_overview,product_overview
E1000-HTE151-Jackery-SlimPower-H1-V2-0-2026-07-29,8,lcd_display,lcd_display
E1000-HTE151-Jackery-SlimPower-H1-V2-0-2026-07-29,9,operation,operation
E1000-HTE151-Jackery-SlimPower-H1-V2-0-2026-07-29,10,ups_mode,ups_mode
E1000-HTE151-Jackery-SlimPower-H1-V2-0-2026-07-29,11,installation,installation
E1000-HTE151-Jackery-SlimPower-H1-V2-0-2026-07-29,12,extra_battery,connections
E1000-HTE151-Jackery-SlimPower-H1-V2-0-2026-07-29,13,charging,charging
E1000-HTE151-Jackery-SlimPower-H1-V2-0-2026-07-29,14,maintenance,maintenance
E1000-HTE151-Jackery-SlimPower-H1-V2-0-2026-07-29,15,troubleshooting,troubleshooting
E1000-HTE151-Jackery-SlimPower-H1-V2-0-2026-07-29,16,specifications,specifications
E1000-HTE151-Jackery-SlimPower-H1-V2-0-2026-07-29,17,warranty,warranty
E1000-HTE151-Jackery-SlimPower-H1-V2-0-2026-07-29,18,app_setup,app_setup
E1000-HTE151-Jackery-FridgeGuard-User-Manual-V2-0-2026-07-29,1,cover,cover
E1000-HTE151-Jackery-FridgeGuard-User-Manual-V2-0-2026-07-29,2,preface_important,preface_important
E1000-HTE151-Jackery-FridgeGuard-User-Manual-V2-0-2026-07-29,3,toc,toc
E1000-HTE151-Jackery-FridgeGuard-User-Manual-V2-0-2026-07-29,4,safety_info,safety_info
E1000-HTE151-Jackery-FridgeGuard-User-Manual-V2-0-2026-07-29,5,user_maintenance_instructions,user_maintenance_instructions
E1000-HTE151-Jackery-FridgeGuard-User-Manual-V2-0-2026-07-29,6,symbol_meaning,symbol_meaning
E1000-HTE151-Jackery-FridgeGuard-User-Manual-V2-0-2026-07-29,7,fcc,fcc
E1000-HTE151-Jackery-FridgeGuard-User-Manual-V2-0-2026-07-29,8,box_contents,box_contents
E1000-HTE151-Jackery-FridgeGuard-User-Manual-V2-0-2026-07-29,9,product_overview,product_overview
E1000-HTE151-Jackery-FridgeGuard-User-Manual-V2-0-2026-07-29,10,lcd_display,lcd_display
E1000-HTE151-Jackery-FridgeGuard-User-Manual-V2-0-2026-07-29,11,operation,operation
E1000-HTE151-Jackery-FridgeGuard-User-Manual-V2-0-2026-07-29,12,ups_mode,ups_mode
E1000-HTE151-Jackery-FridgeGuard-User-Manual-V2-0-2026-07-29,13,installation,installation
E1000-HTE151-Jackery-FridgeGuard-User-Manual-V2-0-2026-07-29,14,extra_battery,connections
E1000-HTE151-Jackery-FridgeGuard-User-Manual-V2-0-2026-07-29,15,maintenance,maintenance
E1000-HTE151-Jackery-FridgeGuard-User-Manual-V2-0-2026-07-29,16,charging,charging
E1000-HTE151-Jackery-FridgeGuard-User-Manual-V2-0-2026-07-29,17,troubleshooting,troubleshooting
E1000-HTE151-Jackery-FridgeGuard-User-Manual-V2-0-2026-07-29,18,specifications,specifications
E1000-HTE151-Jackery-FridgeGuard-User-Manual-V2-0-2026-07-29,19,storage_maintenance,storage
E1000-HTE151-Jackery-FridgeGuard-User-Manual-V2-0-2026-07-29,20,warranty,warranty
E1000-HTE151-Jackery-FridgeGuard-User-Manual-V2-0-2026-07-29,21,app_setup,app_setup
E1000-HTE151-Jackery-FridgeGuard-User-Manual-V2-0-2026-07-29,22,back_cover,back_cover
E300-HTE147-16-0102-000448-HTE147300A-EU-UK-JAK-RoHS-REACH,1,cover,cover
E300-HTE147-16-0102-000448-HTE147300A-EU-UK-JAK-RoHS-REACH,2,preface_important,preface_important
E300-HTE147-16-0102-000448-HTE147300A-EU-UK-JAK-RoHS-REACH,3,toc,toc
E300-HTE147-16-0102-000448-HTE147300A-EU-UK-JAK-RoHS-REACH,4,safety_info,safety_info
E300-HTE147-16-0102-000448-HTE147300A-EU-UK-JAK-RoHS-REACH,5,user_maintenance_instructions,user_maintenance_instructions
E300-HTE147-16-0102-000448-HTE147300A-EU-UK-JAK-RoHS-REACH,6,symbol_meaning,symbol_meaning
E300-HTE147-16-0102-000448-HTE147300A-EU-UK-JAK-RoHS-REACH,7,box_contents,box_contents
E300-HTE147-16-0102-000448-HTE147300A-EU-UK-JAK-RoHS-REACH,8,product_overview,product_overview
E300-HTE147-16-0102-000448-HTE147300A-EU-UK-JAK-RoHS-REACH,9,lcd_display,lcd_display
E300-HTE147-16-0102-000448-HTE147300A-EU-UK-JAK-RoHS-REACH,10,operation,operation
E300-HTE147-16-0102-000448-HTE147300A-EU-UK-JAK-RoHS-REACH,11,charging,charging
E300-HTE147-16-0102-000448-HTE147300A-EU-UK-JAK-RoHS-REACH,12,troubleshooting,troubleshooting
E300-HTE147-16-0102-000448-HTE147300A-EU-UK-JAK-RoHS-REACH,13,storage_maintenance,storage
E300-HTE147-16-0102-000448-HTE147300A-EU-UK-JAK-RoHS-REACH,14,specifications,specifications
E300-HTE147-16-0102-000448-HTE147300A-EU-UK-JAK-RoHS-REACH,15,warranty,warranty
E300-HTE147-16-0102-000448-HTE147300A-EU-UK-JAK-RoHS-REACH,16,regulatory_compliance,regulatory_compliance
E300-HTE147-16-0102-000448-HTE147300A-EU-UK-JAK-RoHS-REACH,17,back_cover,back_cover
E3000-HTE156-3000-Pro-3-V2-0-2026-05-26,1,cover,cover
E3000-HTE156-3000-Pro-3-V2-0-2026-05-26,2,safety_info,safety_info
E3000-HTE156-3000-Pro-3-V2-0-2026-05-26,3,user_maintenance_instructions,user_maintenance_instructions
E3000-HTE156-3000-Pro-3-V2-0-2026-05-26,4,box_contents,box_contents
E3000-HTE156-3000-Pro-3-V2-0-2026-05-26,5,product_overview,product_overview
E3000-HTE156-3000-Pro-3-V2-0-2026-05-26,6,lcd_display,lcd_display
E3000-HTE156-3000-Pro-3-V2-0-2026-05-26,7,operation,operation
E3000-HTE156-3000-Pro-3-V2-0-2026-05-26,8,ups_mode,ups_mode
E3000-HTE156-3000-Pro-3-V2-0-2026-05-26,9,charging,charging
E3000-HTE156-3000-Pro-3-V2-0-2026-05-26,10,troubleshooting,troubleshooting
E3000-HTE156-3000-Pro-3-V2-0-2026-05-26,11,storage_maintenance,storage
E3000-HTE156-3000-Pro-3-V2-0-2026-05-26,12,specifications,specifications
E3000-HTE156-3000-Pro-3-V2-0-2026-05-26,13,app_setup,app_setup
E3000-HTE156-3000-Pro-3-V2-0-2026-05-26,14,quality_certificate,cn_conformity_certificate
E3000-HTE156-3000-Pro-3-V2-0-2026-05-26,15,back_cover,
E3000-HTE156-Jackery-3000-New,1,cover,cover
E3000-HTE156-Jackery-3000-New,2,toc,toc
E3000-HTE156-Jackery-3000-New,3,safety_info,safety_info
E3000-HTE156-Jackery-3000-New,4,usage_precautions,usage_precautions
E3000-HTE156-Jackery-3000-New,5,disclaimer,disclaimer
E3000-HTE156-Jackery-3000-New,6,box_contents,box_contents
E3000-HTE156-Jackery-3000-New,7,product_overview,product_overview
E3000-HTE156-Jackery-3000-New,8,lcd_display,lcd_display
E3000-HTE156-Jackery-3000-New,9,operation,operation
E3000-HTE156-Jackery-3000-New,10,ups_mode,ups_mode
E3000-HTE156-Jackery-3000-New,11,charging,charging
E3000-HTE156-Jackery-3000-New,12,troubleshooting,troubleshooting
E3000-HTE156-Jackery-3000-New,13,specifications,specifications
E3000-HTE156-Jackery-3000-New,14,warranty,warranty
E3000-HTE156-Jackery-3000-New,15,app_setup,app_setup
E3000-HTE156-Jackery-3000-New,16,back_cover,back_cover
E3000-HTE156-Jackery-Explorer-3000-User-Manual-JE-3000C-EUUK-V2-0-2026-07-31,1,cover,cover
E3000-HTE156-Jackery-Explorer-3000-User-Manual-JE-3000C-EUUK-V2-0-2026-07-31,2,preface_important,preface_important
E3000-HTE156-Jackery-Explorer-3000-User-Manual-JE-3000C-EUUK-V2-0-2026-07-31,3,toc,toc
E3000-HTE156-Jackery-Explorer-3000-User-Manual-JE-3000C-EUUK-V2-0-2026-07-31,4,safety_info,safety_info
E3000-HTE156-Jackery-Explorer-3000-User-Manual-JE-3000C-EUUK-V2-0-2026-07-31,5,user_maintenance_instructions,user_maintenance_instructions
E3000-HTE156-Jackery-Explorer-3000-User-Manual-JE-3000C-EUUK-V2-0-2026-07-31,6,symbol_meaning,symbol_meaning
E3000-HTE156-Jackery-Explorer-3000-User-Manual-JE-3000C-EUUK-V2-0-2026-07-31,7,box_contents,box_contents
E3000-HTE156-Jackery-Explorer-3000-User-Manual-JE-3000C-EUUK-V2-0-2026-07-31,8,product_overview,product_overview
E3000-HTE156-Jackery-Explorer-3000-User-Manual-JE-3000C-EUUK-V2-0-2026-07-31,9,lcd_display,lcd_display
E3000-HTE156-Jackery-Explorer-3000-User-Manual-JE-3000C-EUUK-V2-0-2026-07-31,10,operation,operation
E3000-HTE156-Jackery-Explorer-3000-User-Manual-JE-3000C-EUUK-V2-0-2026-07-31,11,ups_mode,ups_mode
E3000-HTE156-Jackery-Explorer-3000-User-Manual-JE-3000C-EUUK-V2-0-2026-07-31,12,charging,charging
E3000-HTE156-Jackery-Explorer-3000-User-Manual-JE-3000C-EUUK-V2-0-2026-07-31,13,troubleshooting,troubleshooting
E3000-HTE156-Jackery-Explorer-3000-User-Manual-JE-3000C-EUUK-V2-0-2026-07-31,14,storage_maintenance,storage
E3000-HTE156-Jackery-Explorer-3000-User-Manual-JE-3000C-EUUK-V2-0-2026-07-31,15,specifications,specifications
E3000-HTE156-Jackery-Explorer-3000-User-Manual-JE-3000C-EUUK-V2-0-2026-07-31,16,warranty,warranty
E3000-HTE156-Jackery-Explorer-3000-User-Manual-JE-3000C-EUUK-V2-0-2026-07-31,17,app_setup,app_setup
E3000-HTE156-Jackery-Explorer-3000-User-Manual-JE-3000C-EUUK-V2-0-2026-07-31,18,regulatory_compliance,regulatory_compliance
E3000-HTE156-Jackery-Explorer-3000-User-Manual-JE-3000C-EUUK-V2-0-2026-07-31,19,back_cover,back_cover
E3000-HTE156-Jackery-HomePower-3000-User-Manual,1,cover,cover
E3000-HTE156-Jackery-HomePower-3000-User-Manual,2,preface_important,preface_important
E3000-HTE156-Jackery-HomePower-3000-User-Manual,3,toc,toc
E3000-HTE156-Jackery-HomePower-3000-User-Manual,4,safety_info,safety_info
E3000-HTE156-Jackery-HomePower-3000-User-Manual,5,user_maintenance_instructions,user_maintenance_instructions
E3000-HTE156-Jackery-HomePower-3000-User-Manual,6,symbol_meaning,symbol_meaning
E3000-HTE156-Jackery-HomePower-3000-User-Manual,7,box_contents,box_contents
E3000-HTE156-Jackery-HomePower-3000-User-Manual,8,fcc,fcc
E3000-HTE156-Jackery-HomePower-3000-User-Manual,9,product_overview,product_overview
E3000-HTE156-Jackery-HomePower-3000-User-Manual,10,lcd_display,lcd_display
E3000-HTE156-Jackery-HomePower-3000-User-Manual,11,operation,operation
E3000-HTE156-Jackery-HomePower-3000-User-Manual,12,ups_mode,ups_mode
E3000-HTE156-Jackery-HomePower-3000-User-Manual,13,charging,charging
E3000-HTE156-Jackery-HomePower-3000-User-Manual,14,troubleshooting,troubleshooting
E3000-HTE156-Jackery-HomePower-3000-User-Manual,15,storage_maintenance,storage
E3000-HTE156-Jackery-HomePower-3000-User-Manual,16,specifications,specifications
E3000-HTE156-Jackery-HomePower-3000-User-Manual,17,warranty,warranty
E3000-HTE156-Jackery-HomePower-3000-User-Manual,18,app_setup,app_setup
E3000-HTE156-Jackery-HomePower-3000-User-Manual,19,back_cover,back_cover
E1000-HTE158-Jackery-1000-New-V2-0-2026-07-24,1,cover,cover
E1000-HTE158-Jackery-1000-New-V2-0-2026-07-24,2,toc,toc
E1000-HTE158-Jackery-1000-New-V2-0-2026-07-24,3,safety_info,safety_info
E1000-HTE158-Jackery-1000-New-V2-0-2026-07-24,4,usage_precautions,usage_precautions
E1000-HTE158-Jackery-1000-New-V2-0-2026-07-24,5,disclaimer,disclaimer
E1000-HTE158-Jackery-1000-New-V2-0-2026-07-24,6,box_contents,box_contents
E1000-HTE158-Jackery-1000-New-V2-0-2026-07-24,7,product_overview,product_overview
E1000-HTE158-Jackery-1000-New-V2-0-2026-07-24,8,lcd_display,lcd_display
E1000-HTE158-Jackery-1000-New-V2-0-2026-07-24,9,operation,operation
E1000-HTE158-Jackery-1000-New-V2-0-2026-07-24,10,ups_mode,ups_mode
E1000-HTE158-Jackery-1000-New-V2-0-2026-07-24,11,charging,charging
E1000-HTE158-Jackery-1000-New-V2-0-2026-07-24,12,troubleshooting,troubleshooting
E1000-HTE158-Jackery-1000-New-V2-0-2026-07-24,13,specifications,specifications
E1000-HTE158-Jackery-1000-New-V2-0-2026-07-24,14,warranty,warranty
E1000-HTE158-Jackery-1000-New-V2-0-2026-07-24,15,app_setup,app_setup
E1000-HTE158-Jackery-1000-New-V2-0-2026-07-24,16,back_cover,back_cover
E1000-HTE158-Jackery-HomePower-1000-User-Manual-1,1,cover,cover
E1000-HTE158-Jackery-HomePower-1000-User-Manual-1,2,preface_important,preface_important
E1000-HTE158-Jackery-HomePower-1000-User-Manual-1,3,toc,toc
E1000-HTE158-Jackery-HomePower-1000-User-Manual-1,4,safety_info,safety_info
E1000-HTE158-Jackery-HomePower-1000-User-Manual-1,5,user_maintenance_instructions,user_maintenance_instructions
E1000-HTE158-Jackery-HomePower-1000-User-Manual-1,6,symbol_meaning,symbol_meaning
E1000-HTE158-Jackery-HomePower-1000-User-Manual-1,7,fcc,fcc
E1000-HTE158-Jackery-HomePower-1000-User-Manual-1,8,box_contents,box_contents
E1000-HTE158-Jackery-HomePower-1000-User-Manual-1,9,product_overview,product_overview
E1000-HTE158-Jackery-HomePower-1000-User-Manual-1,10,lcd_display,lcd_display
E1000-HTE158-Jackery-HomePower-1000-User-Manual-1,11,operation,operation
E1000-HTE158-Jackery-HomePower-1000-User-Manual-1,12,ups_mode,ups_mode
E1000-HTE158-Jackery-HomePower-1000-User-Manual-1,13,charging,charging
E1000-HTE158-Jackery-HomePower-1000-User-Manual-1,14,storage_maintenance,storage
E1000-HTE158-Jackery-HomePower-1000-User-Manual-1,15,troubleshooting,troubleshooting
E1000-HTE158-Jackery-HomePower-1000-User-Manual-1,16,specifications,specifications
E1000-HTE158-Jackery-HomePower-1000-User-Manual-1,17,warranty,warranty
E1000-HTE158-Jackery-HomePower-1000-User-Manual-1,18,app_setup,app_setup
E1000-HTE158-Jackery-HomePower-1000-User-Manual-1,19,back_cover,back_cover
E1000-HTE159-Jackery-1000-Plus,1,cover,cover
E1000-HTE159-Jackery-1000-Plus,2,toc,toc
E1000-HTE159-Jackery-1000-Plus,3,safety_info,safety_info
E1000-HTE159-Jackery-1000-Plus,4,usage_precautions,usage_precautions
E1000-HTE159-Jackery-1000-Plus,5,disclaimer,disclaimer
E1000-HTE159-Jackery-1000-Plus,6,box_contents,box_contents
E1000-HTE159-Jackery-1000-Plus,7,product_overview,product_overview
E1000-HTE159-Jackery-1000-Plus,8,lcd_display,lcd_display
E1000-HTE159-Jackery-1000-Plus,9,operation,operation
E1000-HTE159-Jackery-1000-Plus,10,ups_mode,ups_mode
E1000-HTE159-Jackery-1000-Plus,11,extra_battery,connections
E1000-HTE159-Jackery-1000-Plus,12,charging,charging
E1000-HTE159-Jackery-1000-Plus,13,troubleshooting,troubleshooting
E1000-HTE159-Jackery-1000-Plus,14,specifications,specifications
E1000-HTE159-Jackery-1000-Plus,15,warranty,warranty
E1000-HTE159-Jackery-1000-Plus,16,app_setup,app_setup
E1000-HTE159-Jackery-1000-Plus,17,back_cover,back_cover
E1000-HTE159-Jackery-Explorer-1000-Plus-User-Manual-JE-1000H-EUUK-V2-0-2026-08-03,1,cover,cover
E1000-HTE159-Jackery-Explorer-1000-Plus-User-Manual-JE-1000H-EUUK-V2-0-2026-08-03,2,preface_important,preface_important
E1000-HTE159-Jackery-Explorer-1000-Plus-User-Manual-JE-1000H-EUUK-V2-0-2026-08-03,3,toc,toc
E1000-HTE159-Jackery-Explorer-1000-Plus-User-Manual-JE-1000H-EUUK-V2-0-2026-08-03,4,safety_info,safety_info
E1000-HTE159-Jackery-Explorer-1000-Plus-User-Manual-JE-1000H-EUUK-V2-0-2026-08-03,5,user_maintenance_instructions,user_maintenance_instructions
E1000-HTE159-Jackery-Explorer-1000-Plus-User-Manual-JE-1000H-EUUK-V2-0-2026-08-03,6,symbol_meaning,symbol_meaning
E1000-HTE159-Jackery-Explorer-1000-Plus-User-Manual-JE-1000H-EUUK-V2-0-2026-08-03,7,box_contents,box_contents
E1000-HTE159-Jackery-Explorer-1000-Plus-User-Manual-JE-1000H-EUUK-V2-0-2026-08-03,8,product_overview,product_overview
E1000-HTE159-Jackery-Explorer-1000-Plus-User-Manual-JE-1000H-EUUK-V2-0-2026-08-03,9,lcd_display,lcd_display
E1000-HTE159-Jackery-Explorer-1000-Plus-User-Manual-JE-1000H-EUUK-V2-0-2026-08-03,10,operation,operation
E1000-HTE159-Jackery-Explorer-1000-Plus-User-Manual-JE-1000H-EUUK-V2-0-2026-08-03,11,ups_mode,ups_mode
E1000-HTE159-Jackery-Explorer-1000-Plus-User-Manual-JE-1000H-EUUK-V2-0-2026-08-03,12,extra_battery,connections
E1000-HTE159-Jackery-Explorer-1000-Plus-User-Manual-JE-1000H-EUUK-V2-0-2026-08-03,13,charging,charging
E1000-HTE159-Jackery-Explorer-1000-Plus-User-Manual-JE-1000H-EUUK-V2-0-2026-08-03,14,storage_maintenance,storage
E1000-HTE159-Jackery-Explorer-1000-Plus-User-Manual-JE-1000H-EUUK-V2-0-2026-08-03,15,troubleshooting,troubleshooting
E1000-HTE159-Jackery-Explorer-1000-Plus-User-Manual-JE-1000H-EUUK-V2-0-2026-08-03,16,specifications,specifications
E1000-HTE159-Jackery-Explorer-1000-Plus-User-Manual-JE-1000H-EUUK-V2-0-2026-08-03,17,warranty,warranty
E1000-HTE159-Jackery-Explorer-1000-Plus-User-Manual-JE-1000H-EUUK-V2-0-2026-08-03,18,app_setup,app_setup
E1000-HTE159-Jackery-Explorer-1000-Plus-User-Manual-JE-1000H-EUUK-V2-0-2026-08-03,19,regulatory_compliance,regulatory_compliance
E1000-HTE159-Jackery-Explorer-1000-Plus-User-Manual-JE-1000H-EUUK-V2-0-2026-08-03,20,back_cover,back_cover
E1000-HTE159-Jackery-HomePower-1000-Plus-User-Manual-pdf,1,cover,cover
E1000-HTE159-Jackery-HomePower-1000-Plus-User-Manual-pdf,2,preface_important,preface_important
E1000-HTE159-Jackery-HomePower-1000-Plus-User-Manual-pdf,3,toc,toc
E1000-HTE159-Jackery-HomePower-1000-Plus-User-Manual-pdf,4,safety_info,safety_info
E1000-HTE159-Jackery-HomePower-1000-Plus-User-Manual-pdf,5,user_maintenance_instructions,user_maintenance_instructions
E1000-HTE159-Jackery-HomePower-1000-Plus-User-Manual-pdf,6,symbol_meaning,symbol_meaning
E1000-HTE159-Jackery-HomePower-1000-Plus-User-Manual-pdf,7,box_contents,box_contents
E1000-HTE159-Jackery-HomePower-1000-Plus-User-Manual-pdf,8,fcc,fcc
E1000-HTE159-Jackery-HomePower-1000-Plus-User-Manual-pdf,9,product_overview,product_overview
E1000-HTE159-Jackery-HomePower-1000-Plus-User-Manual-pdf,10,lcd_display,lcd_display
E1000-HTE159-Jackery-HomePower-1000-Plus-User-Manual-pdf,11,operation,operation
E1000-HTE159-Jackery-HomePower-1000-Plus-User-Manual-pdf,12,ups_mode,ups_mode
E1000-HTE159-Jackery-HomePower-1000-Plus-User-Manual-pdf,13,extra_battery,connections
E1000-HTE159-Jackery-HomePower-1000-Plus-User-Manual-pdf,14,charging,charging
E1000-HTE159-Jackery-HomePower-1000-Plus-User-Manual-pdf,15,storage_maintenance,storage
E1000-HTE159-Jackery-HomePower-1000-Plus-User-Manual-pdf,16,troubleshooting,troubleshooting
E1000-HTE159-Jackery-HomePower-1000-Plus-User-Manual-pdf,17,specifications,specifications
E1000-HTE159-Jackery-HomePower-1000-Plus-User-Manual-pdf,18,warranty,warranty
E1000-HTE159-Jackery-HomePower-1000-Plus-User-Manual-pdf,19,app_setup,app_setup
E1000-HTE159-Jackery-HomePower-1000-Plus-User-Manual-pdf,20,back_cover,back_cover
E1500-HTE118-Jackery-Explorer-1500-Ultra,1,cover,cover
E1500-HTE118-Jackery-Explorer-1500-Ultra,2,preface_important,preface_important
E1500-HTE118-Jackery-Explorer-1500-Ultra,3,safety_info,safety_info
E1500-HTE118-Jackery-Explorer-1500-Ultra,4,user_maintenance_instructions,user_maintenance_instructions
E1500-HTE118-Jackery-Explorer-1500-Ultra,5,symbol_meaning,symbol_meaning
E1500-HTE118-Jackery-Explorer-1500-Ultra,6,box_contents,box_contents
E1500-HTE118-Jackery-Explorer-1500-Ultra,7,product_overview,product_overview
E1500-HTE118-Jackery-Explorer-1500-Ultra,8,lcd_display,lcd_display
E1500-HTE118-Jackery-Explorer-1500-Ultra,9,operation,operation
E1500-HTE118-Jackery-Explorer-1500-Ultra,10,ups_mode,ups_mode
E1500-HTE118-Jackery-Explorer-1500-Ultra,11,charging,charging
E1500-HTE118-Jackery-Explorer-1500-Ultra,12,bottom_panel_cleaning,bottom_cleaning
E1500-HTE118-Jackery-Explorer-1500-Ultra,13,storage_maintenance,storage
E1500-HTE118-Jackery-Explorer-1500-Ultra,14,troubleshooting,troubleshooting
E1500-HTE118-Jackery-Explorer-1500-Ultra,15,specifications,specifications
E1500-HTE118-Jackery-Explorer-1500-Ultra,16,warranty,warranty
E1500-HTE118-Jackery-Explorer-1500-Ultra,17,app_setup,app_setup
E1500-HTE118-Jackery-Explorer-1500-Ultra,18,back_cover,back_cover
E1500-HTE140-Jackery-Explorer-1500-Manual-do-Usua-rio-V1-0-2026-06-23,1,cover,cover
E1500-HTE140-Jackery-Explorer-1500-Manual-do-Usua-rio-V1-0-2026-06-23,2,preface_important,preface_important
E1500-HTE140-Jackery-Explorer-1500-Manual-do-Usua-rio-V1-0-2026-06-23,3,toc,toc
E1500-HTE140-Jackery-Explorer-1500-Manual-do-Usua-rio-V1-0-2026-06-23,4,safety_info,safety_info
E1500-HTE140-Jackery-Explorer-1500-Manual-do-Usua-rio-V1-0-2026-06-23,5,user_maintenance_instructions,user_maintenance_instructions
E1500-HTE140-Jackery-Explorer-1500-Manual-do-Usua-rio-V1-0-2026-06-23,6,symbol_meaning,symbol_meaning
E1500-HTE140-Jackery-Explorer-1500-Manual-do-Usua-rio-V1-0-2026-06-23,7,fcc,fcc
E1500-HTE140-Jackery-Explorer-1500-Manual-do-Usua-rio-V1-0-2026-06-23,8,box_contents,box_contents
E1500-HTE140-Jackery-Explorer-1500-Manual-do-Usua-rio-V1-0-2026-06-23,9,product_overview,product_overview
E1500-HTE140-Jackery-Explorer-1500-Manual-do-Usua-rio-V1-0-2026-06-23,10,lcd_display,lcd_display
E1500-HTE140-Jackery-Explorer-1500-Manual-do-Usua-rio-V1-0-2026-06-23,11,operation,operation
E1500-HTE140-Jackery-Explorer-1500-Manual-do-Usua-rio-V1-0-2026-06-23,12,energy_saving_mode,
E1500-HTE140-Jackery-Explorer-1500-Manual-do-Usua-rio-V1-0-2026-06-23,13,ups_mode,ups_mode
E1500-HTE140-Jackery-Explorer-1500-Manual-do-Usua-rio-V1-0-2026-06-23,14,charging,charging
E1500-HTE140-Jackery-Explorer-1500-Manual-do-Usua-rio-V1-0-2026-06-23,15,storage_maintenance,storage
E1500-HTE140-Jackery-Explorer-1500-Manual-do-Usua-rio-V1-0-2026-06-23,16,troubleshooting,troubleshooting
E1500-HTE140-Jackery-Explorer-1500-Manual-do-Usua-rio-V1-0-2026-06-23,17,specifications,specifications
E1500-HTE140-Jackery-Explorer-1500-Manual-do-Usua-rio-V1-0-2026-06-23,18,warranty,warranty
E1500-HTE140-Jackery-Explorer-1500-Manual-do-Usua-rio-V1-0-2026-06-23,19,app_setup,app_setup
E1500-HTE140-Jackery-Explorer-1500-Manual-do-Usua-rio-V1-0-2026-06-23,20,back_cover,back_cover
E240-HTE110-Jackery-240,1,cover,cover
E240-HTE110-Jackery-240,2,specifications,specifications
E240-HTE110-Jackery-240,3,product_overview,product_overview
E240-HTE110-Jackery-240,4,lcd_display,lcd_display
E240-HTE110-Jackery-240,5,operation,operation
E240-HTE110-Jackery-240,6,app_setup,app_setup
E240-HTE110-Jackery-240,7,charging,charging
E240-HTE110-Jackery-240,8,safety_info,safety_info
E240-HTE110-Jackery-240,9,usage_precautions,usage_precautions
E240-HTE110-Jackery-240,10,box_contents,box_contents
E240-HTE110-Jackery-240,11,disclaimer,disclaimer
E240-HTE110-Jackery-240,12,app_user_manual,
HTP011-Jackery-Battery-Pack-3600-User-Manual-JBP-3000A-EUUK-V2-0-2026-08-04,1,cover,cover
HTP011-Jackery-Battery-Pack-3600-User-Manual-JBP-3000A-EUUK-V2-0-2026-08-04,2,preface_important,preface_important
HTP011-Jackery-Battery-Pack-3600-User-Manual-JBP-3000A-EUUK-V2-0-2026-08-04,3,toc,toc
HTP011-Jackery-Battery-Pack-3600-User-Manual-JBP-3000A-EUUK-V2-0-2026-08-04,4,safety_info,safety_info
HTP011-Jackery-Battery-Pack-3600-User-Manual-JBP-3000A-EUUK-V2-0-2026-08-04,5,symbol_meaning,symbol_meaning
HTP011-Jackery-Battery-Pack-3600-User-Manual-JBP-3000A-EUUK-V2-0-2026-08-04,6,box_contents,box_contents
HTP011-Jackery-Battery-Pack-3600-User-Manual-JBP-3000A-EUUK-V2-0-2026-08-04,7,product_overview,product_overview
HTP011-Jackery-Battery-Pack-3600-User-Manual-JBP-3000A-EUUK-V2-0-2026-08-04,8,lcd_display,lcd_display
HTP011-Jackery-Battery-Pack-3600-User-Manual-JBP-3000A-EUUK-V2-0-2026-08-04,9,operation,operation
HTP011-Jackery-Battery-Pack-3600-User-Manual-JBP-3000A-EUUK-V2-0-2026-08-04,10,troubleshooting,troubleshooting
HTP011-Jackery-Battery-Pack-3600-User-Manual-JBP-3000A-EUUK-V2-0-2026-08-04,11,connections,connections
HTP011-Jackery-Battery-Pack-3600-User-Manual-JBP-3000A-EUUK-V2-0-2026-08-04,12,charging,charging
HTP011-Jackery-Battery-Pack-3600-User-Manual-JBP-3000A-EUUK-V2-0-2026-08-04,13,specifications,specifications
HTP011-Jackery-Battery-Pack-3600-User-Manual-JBP-3000A-EUUK-V2-0-2026-08-04,14,storage_maintenance,storage
HTP011-Jackery-Battery-Pack-3600-User-Manual-JBP-3000A-EUUK-V2-0-2026-08-04,15,warranty,warranty
HTP011-Jackery-Battery-Pack-3600-User-Manual-JBP-3000A-EUUK-V2-0-2026-08-04,16,regulatory_compliance,regulatory_compliance
HTP011-Jackery-Battery-Pack-3600-User-Manual-JBP-3000A-EUUK-V2-0-2026-08-04,17,back_cover,back_cover
HTP015-Jackery-Battery-Pack-V2-0-2026-07-29,1,cover,cover
HTP015-Jackery-Battery-Pack-V2-0-2026-07-29,2,toc,toc
HTP015-Jackery-Battery-Pack-V2-0-2026-07-29,3,safety_info,safety_info
HTP015-Jackery-Battery-Pack-V2-0-2026-07-29,4,symbol_meaning,symbol_meaning
HTP015-Jackery-Battery-Pack-V2-0-2026-07-29,5,symbol_meaning,
HTP015-Jackery-Battery-Pack-V2-0-2026-07-29,6,box_contents,box_contents
HTP015-Jackery-Battery-Pack-V2-0-2026-07-29,7,product_overview,product_overview
HTP015-Jackery-Battery-Pack-V2-0-2026-07-29,8,lcd_display,lcd_display
HTP015-Jackery-Battery-Pack-V2-0-2026-07-29,9,operation,operation
HTP015-Jackery-Battery-Pack-V2-0-2026-07-29,10,installation,installation
HTP015-Jackery-Battery-Pack-V2-0-2026-07-29,11,vertical_stand_mounting,
HTP015-Jackery-Battery-Pack-V2-0-2026-07-29,12,connections,connections
HTP015-Jackery-Battery-Pack-V2-0-2026-07-29,13,charging,charging
HTP015-Jackery-Battery-Pack-V2-0-2026-07-29,14,troubleshooting,troubleshooting
HTP015-Jackery-Battery-Pack-V2-0-2026-07-29,15,specifications,specifications
HTP015-Jackery-Battery-Pack-V2-0-2026-07-29,16,warranty,warranty
HTP015-Jackery-Battery-Pack-V2-0-2026-07-29,17,back_cover,back_cover
HTP015-Jackery-Battery-Pack-1,1,cover,cover
HTP015-Jackery-Battery-Pack-1,2,preface_important,preface_important
HTP015-Jackery-Battery-Pack-1,3,toc,toc
HTP015-Jackery-Battery-Pack-1,4,safety_info,safety_info
HTP015-Jackery-Battery-Pack-1,5,symbol_meaning,symbol_meaning
HTP015-Jackery-Battery-Pack-1,6,box_contents,box_contents
HTP015-Jackery-Battery-Pack-1,7,fcc,fcc
HTP015-Jackery-Battery-Pack-1,8,product_overview,product_overview
HTP015-Jackery-Battery-Pack-1,9,lcd_display,lcd_display
HTP015-Jackery-Battery-Pack-1,10,operation,operation
HTP015-Jackery-Battery-Pack-1,11,troubleshooting,troubleshooting
HTP015-Jackery-Battery-Pack-1,12,installation,installation
HTP015-Jackery-Battery-Pack-1,13,connections,connections
HTP015-Jackery-Battery-Pack-1,14,charging,charging
HTP015-Jackery-Battery-Pack-1,15,storage_maintenance,storage
HTP015-Jackery-Battery-Pack-1,16,specifications,specifications
HTP015-Jackery-Battery-Pack-1,17,warranty,warranty
HTP015-Jackery-Battery-Pack-1,18,back_cover,back_cover
E500-HTE132-Jackery-500-New,1,cover,cover
E500-HTE132-Jackery-500-New,2,toc,toc
E500-HTE132-Jackery-500-New,3,safety_info,safety_info
E500-HTE132-Jackery-500-New,4,usage_precautions,usage_precautions
E500-HTE132-Jackery-500-New,5,disclaimer,disclaimer
E500-HTE132-Jackery-500-New,6,box_contents,box_contents
E500-HTE132-Jackery-500-New,7,battery_recycling,battery_recycling
E500-HTE132-Jackery-500-New,8,product_overview,product_overview
E500-HTE132-Jackery-500-New,9,lcd_display,lcd_display
E500-HTE132-Jackery-500-New,10,troubleshooting,troubleshooting
E500-HTE132-Jackery-500-New,11,operation,operation
E500-HTE132-Jackery-500-New,12,ups_mode,ups_mode
E500-HTE132-Jackery-500-New,13,charging,charging
E500-HTE132-Jackery-500-New,14,specifications,specifications
E500-HTE132-Jackery-500-New,15,warranty,warranty
E500-HTE132-Jackery-500-New,16,back_cover,back_cover
E500-HTE132-Jackery-Explorer-500-User-Manual-JE-500A-EU-UK-V2-0-2026-06-09,1,cover,cover
E500-HTE132-Jackery-Explorer-500-User-Manual-JE-500A-EU-UK-V2-0-2026-06-09,2,preface_important,preface_important
E500-HTE132-Jackery-Explorer-500-User-Manual-JE-500A-EU-UK-V2-0-2026-06-09,3,toc,toc
E500-HTE132-Jackery-Explorer-500-User-Manual-JE-500A-EU-UK-V2-0-2026-06-09,4,safety_info,safety_info
E500-HTE132-Jackery-Explorer-500-User-Manual-JE-500A-EU-UK-V2-0-2026-06-09,5,user_maintenance_instructions,user_maintenance_instructions
E500-HTE132-Jackery-Explorer-500-User-Manual-JE-500A-EU-UK-V2-0-2026-06-09,6,symbol_meaning,symbol_meaning
E500-HTE132-Jackery-Explorer-500-User-Manual-JE-500A-EU-UK-V2-0-2026-06-09,7,box_contents,box_contents
E500-HTE132-Jackery-Explorer-500-User-Manual-JE-500A-EU-UK-V2-0-2026-06-09,8,product_overview,product_overview
E500-HTE132-Jackery-Explorer-500-User-Manual-JE-500A-EU-UK-V2-0-2026-06-09,9,lcd_display,lcd_display
E500-HTE132-Jackery-Explorer-500-User-Manual-JE-500A-EU-UK-V2-0-2026-06-09,10,operation,operation
E500-HTE132-Jackery-Explorer-500-User-Manual-JE-500A-EU-UK-V2-0-2026-06-09,11,ups_mode,ups_mode
E500-HTE132-Jackery-Explorer-500-User-Manual-JE-500A-EU-UK-V2-0-2026-06-09,12,charging,charging
E500-HTE132-Jackery-Explorer-500-User-Manual-JE-500A-EU-UK-V2-0-2026-06-09,13,storage_maintenance,storage
E500-HTE132-Jackery-Explorer-500-User-Manual-JE-500A-EU-UK-V2-0-2026-06-09,14,troubleshooting,troubleshooting
E500-HTE132-Jackery-Explorer-500-User-Manual-JE-500A-EU-UK-V2-0-2026-06-09,15,specifications,specifications
E500-HTE132-Jackery-Explorer-500-User-Manual-JE-500A-EU-UK-V2-0-2026-06-09,16,warranty,warranty
E500-HTE132-Jackery-Explorer-500-User-Manual-JE-500A-EU-UK-V2-0-2026-06-09,17,regulatory_compliance,regulatory_compliance
E500-HTE132-Jackery-Explorer-500-User-Manual-PH-V2-0-2026-04-01,1,cover,cover
E500-HTE132-Jackery-Explorer-500-User-Manual-PH-V2-0-2026-04-01,2,preface_important,preface_important
E500-HTE132-Jackery-Explorer-500-User-Manual-PH-V2-0-2026-04-01,3,safety_info,safety_info
E500-HTE132-Jackery-Explorer-500-User-Manual-PH-V2-0-2026-04-01,4,user_maintenance_instructions,user_maintenance_instructions
E500-HTE132-Jackery-Explorer-500-User-Manual-PH-V2-0-2026-04-01,5,symbol_meaning,symbol_meaning
E500-HTE132-Jackery-Explorer-500-User-Manual-PH-V2-0-2026-04-01,6,box_contents,box_contents
E500-HTE132-Jackery-Explorer-500-User-Manual-PH-V2-0-2026-04-01,7,product_overview,product_overview
E500-HTE132-Jackery-Explorer-500-User-Manual-PH-V2-0-2026-04-01,8,lcd_display,lcd_display
E500-HTE132-Jackery-Explorer-500-User-Manual-PH-V2-0-2026-04-01,9,operation,operation
E500-HTE132-Jackery-Explorer-500-User-Manual-PH-V2-0-2026-04-01,10,ups_mode,ups_mode
E500-HTE132-Jackery-Explorer-500-User-Manual-PH-V2-0-2026-04-01,11,charging,charging
E500-HTE132-Jackery-Explorer-500-User-Manual-PH-V2-0-2026-04-01,12,storage_maintenance,storage
E500-HTE132-Jackery-Explorer-500-User-Manual-PH-V2-0-2026-04-01,13,troubleshooting,troubleshooting
E500-HTE132-Jackery-Explorer-500-User-Manual-PH-V2-0-2026-04-01,14,specifications,specifications
E500-HTE132-Jackery-Explorer-500-User-Manual-PH-V2-0-2026-04-01,15,warranty,warranty
E500-HTE132-Jackery-Explorer-500-User-Manual-PH-V2-0-2026-04-01,16,back_cover,back_cover
E5000-HTE119-Jackery-5000-Plus,1,cover,cover
E5000-HTE119-Jackery-5000-Plus,2,toc,toc
E5000-HTE119-Jackery-5000-Plus,3,specifications,specifications
E5000-HTE119-Jackery-5000-Plus,4,battery_recycling,battery_recycling
E5000-HTE119-Jackery-5000-Plus,5,box_contents,box_contents
E5000-HTE119-Jackery-5000-Plus,6,product_overview,product_overview
E5000-HTE119-Jackery-5000-Plus,7,lcd_display,lcd_display
E5000-HTE119-Jackery-5000-Plus,8,operation,operation
E5000-HTE119-Jackery-5000-Plus,9,troubleshooting,troubleshooting
E5000-HTE119-Jackery-5000-Plus,10,ups_mode,ups_mode
E5000-HTE119-Jackery-5000-Plus,11,extra_battery,connections
E5000-HTE119-Jackery-5000-Plus,12,charging,charging
E5000-HTE119-Jackery-5000-Plus,13,safety_info,safety_info
E5000-HTE119-Jackery-5000-Plus,14,usage_precautions,usage_precautions
E5000-HTE119-Jackery-5000-Plus,15,disclaimer,disclaimer
E5000-HTE119-Jackery-5000-Plus,16,app_setup,app_setup
E5000-HTE119-Jackery-5000-Plus,17,warranty,warranty
E5000-HTE119-Jackery-5000-Plus,18,back_cover,back_cover
HTP007-Jackery-Battery-Pack-5000-Plus,1,cover,cover
HTP007-Jackery-Battery-Pack-5000-Plus,2,specifications,specifications
HTP007-Jackery-Battery-Pack-5000-Plus,3,battery_recycling,battery_recycling
HTP007-Jackery-Battery-Pack-5000-Plus,4,box_contents,box_contents
HTP007-Jackery-Battery-Pack-5000-Plus,5,product_overview,product_overview
HTP007-Jackery-Battery-Pack-5000-Plus,6,lcd_display,lcd_display
HTP007-Jackery-Battery-Pack-5000-Plus,7,operation,operation
HTP007-Jackery-Battery-Pack-5000-Plus,8,power_station_pairing,connections
HTP007-Jackery-Battery-Pack-5000-Plus,9,charging,charging
HTP007-Jackery-Battery-Pack-5000-Plus,10,warranty,warranty
HTP007-Jackery-Battery-Pack-5000-Plus,11,usage_precautions,usage_precautions
E300-HTE150-Jackery-300D,1,cover,cover
E300-HTE150-Jackery-300D,2,toc,toc
E300-HTE150-Jackery-300D,3,safety_info,safety_info
E300-HTE150-Jackery-300D,4,usage_precautions,usage_precautions
E300-HTE150-Jackery-300D,5,disclaimer,disclaimer
E300-HTE150-Jackery-300D,6,box_contents,box_contents
E300-HTE150-Jackery-300D,7,product_overview,product_overview
E300-HTE150-Jackery-300D,8,lcd_display,lcd_display
E300-HTE150-Jackery-300D,9,operation,operation
E300-HTE150-Jackery-300D,10,charging,charging
E300-HTE150-Jackery-300D,11,troubleshooting,troubleshooting
E300-HTE150-Jackery-300D,12,specifications,specifications
E300-HTE150-Jackery-300D,13,warranty,warranty
E300-HTE150-Jackery-300D,14,back_cover,back_cover
E1500-HTE140-Jackery-1500-New-V1-0-2026-07-10,1,cover,cover
E1500-HTE140-Jackery-1500-New-V1-0-2026-07-10,2,toc,toc
E1500-HTE140-Jackery-1500-New-V1-0-2026-07-10,3,safety_info,safety_info
E1500-HTE140-Jackery-1500-New-V1-0-2026-07-10,4,usage_precautions,usage_precautions
E1500-HTE140-Jackery-1500-New-V1-0-2026-07-10,5,disclaimer,disclaimer
E1500-HTE140-Jackery-1500-New-V1-0-2026-07-10,6,box_contents,box_contents
E1500-HTE140-Jackery-1500-New-V1-0-2026-07-10,7,product_overview,product_overview
E1500-HTE140-Jackery-1500-New-V1-0-2026-07-10,8,lcd_display,lcd_display
E1500-HTE140-Jackery-1500-New-V1-0-2026-07-10,9,operation,operation
E1500-HTE140-Jackery-1500-New-V1-0-2026-07-10,10,ups_mode,ups_mode
E1500-HTE140-Jackery-1500-New-V1-0-2026-07-10,11,charging,charging
E1500-HTE140-Jackery-1500-New-V1-0-2026-07-10,12,troubleshooting,troubleshooting
E1500-HTE140-Jackery-1500-New-V1-0-2026-07-10,13,specifications,specifications
E1500-HTE140-Jackery-1500-New-V1-0-2026-07-10,14,warranty,warranty
E1500-HTE140-Jackery-1500-New-V1-0-2026-07-10,15,app_setup,app_setup
E1500-HTE140-Jackery-1500-New-V1-0-2026-07-10,16,back_cover,back_cover
E600-HTE133-Jackery-Explorer-600-User-Manual-AU-V2-0-2026-04-20,1,cover,cover
E600-HTE133-Jackery-Explorer-600-User-Manual-AU-V2-0-2026-04-20,2,preface_important,preface_important
E600-HTE133-Jackery-Explorer-600-User-Manual-AU-V2-0-2026-04-20,3,toc,toc
E600-HTE133-Jackery-Explorer-600-User-Manual-AU-V2-0-2026-04-20,4,safety_info,safety_info
E600-HTE133-Jackery-Explorer-600-User-Manual-AU-V2-0-2026-04-20,5,user_maintenance_instructions,user_maintenance_instructions
E600-HTE133-Jackery-Explorer-600-User-Manual-AU-V2-0-2026-04-20,6,symbol_meaning,symbol_meaning
E600-HTE133-Jackery-Explorer-600-User-Manual-AU-V2-0-2026-04-20,7,box_contents,box_contents
E600-HTE133-Jackery-Explorer-600-User-Manual-AU-V2-0-2026-04-20,8,product_overview,product_overview
E600-HTE133-Jackery-Explorer-600-User-Manual-AU-V2-0-2026-04-20,9,lcd_display,lcd_display
E600-HTE133-Jackery-Explorer-600-User-Manual-AU-V2-0-2026-04-20,10,operation,operation
E600-HTE133-Jackery-Explorer-600-User-Manual-AU-V2-0-2026-04-20,11,ups_mode,ups_mode
E600-HTE133-Jackery-Explorer-600-User-Manual-AU-V2-0-2026-04-20,12,charging,charging
E600-HTE133-Jackery-Explorer-600-User-Manual-AU-V2-0-2026-04-20,13,storage_maintenance,storage
E600-HTE133-Jackery-Explorer-600-User-Manual-AU-V2-0-2026-04-20,14,troubleshooting,troubleshooting
E600-HTE133-Jackery-Explorer-600-User-Manual-AU-V2-0-2026-04-20,15,specifications,specifications
E600-HTE133-Jackery-Explorer-600-User-Manual-AU-V2-0-2026-04-20,16,warranty,warranty
E600-HTE133-Jackery-Explorer-600-User-Manual-AU-V2-0-2026-04-20,17,back_cover,back_cover
HTP017-Jackery-Battery-Pack-2000-V2-0-2026-05-28,1,cover,cover
HTP017-Jackery-Battery-Pack-2000-V2-0-2026-05-28,2,toc,toc
HTP017-Jackery-Battery-Pack-2000-V2-0-2026-05-28,3,safety_info,safety_info
HTP017-Jackery-Battery-Pack-2000-V2-0-2026-05-28,4,symbol_meaning,symbol_meaning
HTP017-Jackery-Battery-Pack-2000-V2-0-2026-05-28,5,box_contents,box_contents
HTP017-Jackery-Battery-Pack-2000-V2-0-2026-05-28,6,product_overview,product_overview
HTP017-Jackery-Battery-Pack-2000-V2-0-2026-05-28,7,lcd_display,lcd_display
HTP017-Jackery-Battery-Pack-2000-V2-0-2026-05-28,8,operation,operation
HTP017-Jackery-Battery-Pack-2000-V2-0-2026-05-28,9,connections,connections
HTP017-Jackery-Battery-Pack-2000-V2-0-2026-05-28,10,charging,charging
HTP017-Jackery-Battery-Pack-2000-V2-0-2026-05-28,11,troubleshooting,troubleshooting
HTP017-Jackery-Battery-Pack-2000-V2-0-2026-05-28,12,specifications,specifications
HTP017-Jackery-Battery-Pack-2000-V2-0-2026-05-28,13,warranty,warranty
HTP017-Jackery-Battery-Pack-2000-User-Manual-JBP-2000B-EUUK-V2-0-2026-08-03,1,cover,cover
HTP017-Jackery-Battery-Pack-2000-User-Manual-JBP-2000B-EUUK-V2-0-2026-08-03,2,preface_important,preface_important
HTP017-Jackery-Battery-Pack-2000-User-Manual-JBP-2000B-EUUK-V2-0-2026-08-03,3,toc,toc
HTP017-Jackery-Battery-Pack-2000-User-Manual-JBP-2000B-EUUK-V2-0-2026-08-03,4,safety_info,safety_info
HTP017-Jackery-Battery-Pack-2000-User-Manual-JBP-2000B-EUUK-V2-0-2026-08-03,5,symbol_meaning,symbol_meaning
HTP017-Jackery-Battery-Pack-2000-User-Manual-JBP-2000B-EUUK-V2-0-2026-08-03,6,box_contents,box_contents
HTP017-Jackery-Battery-Pack-2000-User-Manual-JBP-2000B-EUUK-V2-0-2026-08-03,7,product_overview,product_overview
HTP017-Jackery-Battery-Pack-2000-User-Manual-JBP-2000B-EUUK-V2-0-2026-08-03,8,lcd_display,lcd_display
HTP017-Jackery-Battery-Pack-2000-User-Manual-JBP-2000B-EUUK-V2-0-2026-08-03,9,operation,operation
HTP017-Jackery-Battery-Pack-2000-User-Manual-JBP-2000B-EUUK-V2-0-2026-08-03,10,connections,connections
HTP017-Jackery-Battery-Pack-2000-User-Manual-JBP-2000B-EUUK-V2-0-2026-08-03,11,troubleshooting,troubleshooting
HTP017-Jackery-Battery-Pack-2000-User-Manual-JBP-2000B-EUUK-V2-0-2026-08-03,12,charging,charging
HTP017-Jackery-Battery-Pack-2000-User-Manual-JBP-2000B-EUUK-V2-0-2026-08-03,13,specifications,specifications
HTP017-Jackery-Battery-Pack-2000-User-Manual-JBP-2000B-EUUK-V2-0-2026-08-03,14,storage_maintenance,storage
HTP017-Jackery-Battery-Pack-2000-User-Manual-JBP-2000B-EUUK-V2-0-2026-08-03,15,warranty,warranty
HTP017-Jackery-Battery-Pack-2000-User-Manual-JBP-2000B-EUUK-V2-0-2026-08-03,16,regulatory_compliance,regulatory_compliance
HTP017-Jackery-Battery-Pack-2000-User-Manual-V2-0-2026-04-27,1,cover,cover
HTP017-Jackery-Battery-Pack-2000-User-Manual-V2-0-2026-04-27,2,preface_important,preface_important
HTP017-Jackery-Battery-Pack-2000-User-Manual-V2-0-2026-04-27,3,toc,toc
HTP017-Jackery-Battery-Pack-2000-User-Manual-V2-0-2026-04-27,4,safety_info,safety_info
HTP017-Jackery-Battery-Pack-2000-User-Manual-V2-0-2026-04-27,5,symbol_meaning,symbol_meaning
HTP017-Jackery-Battery-Pack-2000-User-Manual-V2-0-2026-04-27,6,box_contents,box_contents
HTP017-Jackery-Battery-Pack-2000-User-Manual-V2-0-2026-04-27,7,product_overview,product_overview
HTP017-Jackery-Battery-Pack-2000-User-Manual-V2-0-2026-04-27,8,fcc,fcc
HTP017-Jackery-Battery-Pack-2000-User-Manual-V2-0-2026-04-27,9,lcd_display,lcd_display
HTP017-Jackery-Battery-Pack-2000-User-Manual-V2-0-2026-04-27,10,operation,operation
HTP017-Jackery-Battery-Pack-2000-User-Manual-V2-0-2026-04-27,11,connections,connections
HTP017-Jackery-Battery-Pack-2000-User-Manual-V2-0-2026-04-27,12,troubleshooting,troubleshooting
HTP017-Jackery-Battery-Pack-2000-User-Manual-V2-0-2026-04-27,13,charging,charging
HTP017-Jackery-Battery-Pack-2000-User-Manual-V2-0-2026-04-27,14,specifications,specifications
HTP017-Jackery-Battery-Pack-2000-User-Manual-V2-0-2026-04-27,15,storage_maintenance,storage
HTP017-Jackery-Battery-Pack-2000-User-Manual-V2-0-2026-04-27,16,warranty,warranty
HTP017-Jackery-Battery-Pack-2000-User-Manual-V2-0-2026-04-27,17,back_cover,back_cover
E1500-HTE140-Jackery-1500-New-V1-0-2026-07-10-No-225,1,cover,cover
E1500-HTE140-Jackery-1500-New-V1-0-2026-07-10-No-225,2,toc,toc
E1500-HTE140-Jackery-1500-New-V1-0-2026-07-10-No-225,3,safety_info,safety_info
E1500-HTE140-Jackery-1500-New-V1-0-2026-07-10-No-225,4,usage_precautions,usage_precautions
E1500-HTE140-Jackery-1500-New-V1-0-2026-07-10-No-225,5,disclaimer,disclaimer
E1500-HTE140-Jackery-1500-New-V1-0-2026-07-10-No-225,6,box_contents,box_contents
E1500-HTE140-Jackery-1500-New-V1-0-2026-07-10-No-225,7,product_overview,product_overview
E1500-HTE140-Jackery-1500-New-V1-0-2026-07-10-No-225,8,lcd_display,lcd_display
E1500-HTE140-Jackery-1500-New-V1-0-2026-07-10-No-225,9,operation,operation
E1500-HTE140-Jackery-1500-New-V1-0-2026-07-10-No-225,10,ups_mode,ups_mode
E1500-HTE140-Jackery-1500-New-V1-0-2026-07-10-No-225,11,charging,charging
E1500-HTE140-Jackery-1500-New-V1-0-2026-07-10-No-225,12,troubleshooting,troubleshooting
E1500-HTE140-Jackery-1500-New-V1-0-2026-07-10-No-225,13,specifications,specifications
E1500-HTE140-Jackery-1500-New-V1-0-2026-07-10-No-225,14,warranty,warranty
E1500-HTE140-Jackery-1500-New-V1-0-2026-07-10-No-225,15,app_setup,app_setup
E1500-HTE140-Jackery-1500-New-V1-0-2026-07-10-No-225,16,back_cover,back_cover
E2000-HTE152-Jackery-2000-Plus-V2-JP,1,cover,cover
E2000-HTE152-Jackery-2000-Plus-V2-JP,2,toc,toc
E2000-HTE152-Jackery-2000-Plus-V2-JP,3,safety_info,safety_info
E2000-HTE152-Jackery-2000-Plus-V2-JP,4,symbol_meaning,symbol_meaning
E2000-HTE152-Jackery-2000-Plus-V2-JP,5,usage_precautions,usage_precautions
E2000-HTE152-Jackery-2000-Plus-V2-JP,6,disclaimer,disclaimer
E2000-HTE152-Jackery-2000-Plus-V2-JP,7,box_contents,box_contents
E2000-HTE152-Jackery-2000-Plus-V2-JP,8,product_overview,product_overview
E2000-HTE152-Jackery-2000-Plus-V2-JP,9,lcd_display,lcd_display
E2000-HTE152-Jackery-2000-Plus-V2-JP,10,operation,operation
E2000-HTE152-Jackery-2000-Plus-V2-JP,11,ups_mode,ups_mode
E2000-HTE152-Jackery-2000-Plus-V2-JP,12,extra_battery,connections
E2000-HTE152-Jackery-2000-Plus-V2-JP,13,charging,charging
E2000-HTE152-Jackery-2000-Plus-V2-JP,14,troubleshooting,troubleshooting
E2000-HTE152-Jackery-2000-Plus-V2-JP,15,specifications,specifications
E2000-HTE152-Jackery-2000-Plus-V2-JP,16,warranty,warranty
E2000-HTE152-Jackery-2000-Plus-V2-JP,17,app_setup,app_setup
E2000-HTE152-Jackery-2000-Plus-V2-JP,18,back_cover,back_cover
E1000-HTE153-Jackery-Explorer-1000-User-Manual-AU-V2,1,cover,cover
E1000-HTE153-Jackery-Explorer-1000-User-Manual-AU-V2,2,preface_important,preface_important
E1000-HTE153-Jackery-Explorer-1000-User-Manual-AU-V2,3,toc,toc
E1000-HTE153-Jackery-Explorer-1000-User-Manual-AU-V2,4,safety_info,safety_info
E1000-HTE153-Jackery-Explorer-1000-User-Manual-AU-V2,5,user_maintenance_instructions,user_maintenance_instructions
E1000-HTE153-Jackery-Explorer-1000-User-Manual-AU-V2,6,symbol_meaning,symbol_meaning
E1000-HTE153-Jackery-Explorer-1000-User-Manual-AU-V2,7,box_contents,box_contents
E1000-HTE153-Jackery-Explorer-1000-User-Manual-AU-V2,8,product_overview,product_overview
E1000-HTE153-Jackery-Explorer-1000-User-Manual-AU-V2,9,lcd_display,lcd_display
E1000-HTE153-Jackery-Explorer-1000-User-Manual-AU-V2,10,operation,operation
E1000-HTE153-Jackery-Explorer-1000-User-Manual-AU-V2,11,ups_mode,ups_mode
E1000-HTE153-Jackery-Explorer-1000-User-Manual-AU-V2,12,charging,charging
E1000-HTE153-Jackery-Explorer-1000-User-Manual-AU-V2,13,storage_maintenance,storage
E1000-HTE153-Jackery-Explorer-1000-User-Manual-AU-V2,14,troubleshooting,troubleshooting
E1000-HTE153-Jackery-Explorer-1000-User-Manual-AU-V2,15,specifications,specifications
E1000-HTE153-Jackery-Explorer-1000-User-Manual-AU-V2,16,warranty,warranty
E1000-HTE153-Jackery-Explorer-1000-User-Manual-AU-V2,17,app_setup,app_setup
E1000-HTE153-Jackery-Explorer-1000-User-Manual-AU-V2,18,back_cover,back_cover
E1000-HTE153-Jackery-Explorer-1000-KR,1,cover,cover
E1000-HTE153-Jackery-Explorer-1000-KR,2,preface_important,preface_important
E1000-HTE153-Jackery-Explorer-1000-KR,3,safety_info,safety_info
E1000-HTE153-Jackery-Explorer-1000-KR,4,user_maintenance_instructions,user_maintenance_instructions
E1000-HTE153-Jackery-Explorer-1000-KR,5,symbol_meaning,symbol_meaning
E1000-HTE153-Jackery-Explorer-1000-KR,6,box_contents,box_contents
E1000-HTE153-Jackery-Explorer-1000-KR,7,product_overview,product_overview
E1000-HTE153-Jackery-Explorer-1000-KR,8,lcd_display,lcd_display
E1000-HTE153-Jackery-Explorer-1000-KR,9,operation,operation
E1000-HTE153-Jackery-Explorer-1000-KR,10,ups_mode,ups_mode
E1000-HTE153-Jackery-Explorer-1000-KR,11,charging,charging
E1000-HTE153-Jackery-Explorer-1000-KR,12,storage_maintenance,storage
E1000-HTE153-Jackery-Explorer-1000-KR,13,troubleshooting,troubleshooting
E1000-HTE153-Jackery-Explorer-1000-KR,14,specifications,specifications
E1000-HTE153-Jackery-Explorer-1000-KR,15,warranty,warranty
E1000-HTE153-Jackery-Explorer-1000-KR,16,app_setup,app_setup
E1000-HTE153-Jackery-Explorer-1000-KR,17,back_cover,back_cover
E1000-HTE153-Explorer-1000-Manual-do-Usuario-BR,1,cover,cover
E1000-HTE153-Explorer-1000-Manual-do-Usuario-BR,2,preface_important,preface_important
E1000-HTE153-Explorer-1000-Manual-do-Usuario-BR,3,toc,toc
E1000-HTE153-Explorer-1000-Manual-do-Usuario-BR,4,safety_info,safety_info
E1000-HTE153-Explorer-1000-Manual-do-Usuario-BR,5,user_maintenance_instructions,user_maintenance_instructions
E1000-HTE153-Explorer-1000-Manual-do-Usuario-BR,6,symbol_meaning,symbol_meaning
E1000-HTE153-Explorer-1000-Manual-do-Usuario-BR,7,fcc,fcc
E1000-HTE153-Explorer-1000-Manual-do-Usuario-BR,8,box_contents,box_contents
E1000-HTE153-Explorer-1000-Manual-do-Usuario-BR,9,product_overview,product_overview
E1000-HTE153-Explorer-1000-Manual-do-Usuario-BR,10,lcd_display,lcd_display
E1000-HTE153-Explorer-1000-Manual-do-Usuario-BR,11,operation,operation
E1000-HTE153-Explorer-1000-Manual-do-Usuario-BR,12,ups_mode,ups_mode
E1000-HTE153-Explorer-1000-Manual-do-Usuario-BR,13,charging,charging
E1000-HTE153-Explorer-1000-Manual-do-Usuario-BR,14,storage_maintenance,storage
E1000-HTE153-Explorer-1000-Manual-do-Usuario-BR,15,troubleshooting,troubleshooting
E1000-HTE153-Explorer-1000-Manual-do-Usuario-BR,16,specifications,specifications
E1000-HTE153-Explorer-1000-Manual-do-Usuario-BR,17,warranty,warranty
E1000-HTE153-Explorer-1000-Manual-do-Usuario-BR,18,app_setup,app_setup
E1000-HTE153-Explorer-1000-Manual-do-Usuario-BR,19,regulatory_compliance,regulatory_compliance
E1000-HTE153-Explorer-1000-Manual-do-Usuario-BR,20,back_cover,back_cover
