record_id	型号	file_token	附件名
reczz28JYyqRcDqp	JE-1000F	PR6VbIBcVo7tVbxGULccWXOxnmd	HTE153-EU-9国语言-0923.ai
reczz28JYyqRgLQj	JE-2000F	X09GbqTtBoG0JSxQq07c1cywnWV	HTE154-EU-9国语言-0924.ai
reczz28JYyqReasj	JE-3000C	D4wwbaq46oIWPtx2n7bckYiInpd	HTE156-EU-9国语言-0923.ai
reczz28JYyqRhjCM	JE-3600A	CPm6b7R3loQohYxxluyckhzjn6g	HTE139-EU-9国说明书-0924_页码审核.ai
reczz28JYyqRftVV	JBP-3600A	M1Q3bmNyjoIe6mxevrmc39RLngg	HTP011-EU-9国语言-0924_页码审核.ai
reczz28JYyvxwCMD	JE-1000H	AZ48bEY6moUJcEx4rHkcP8f5nmc	HTE159-EU-9国说明书-0928_页码审核.ai
reczz28JYyvxvmw5	JE-2000E	MxF2bDaQuoZtZUxdil9cBplanvc	HTE152-EU-9国语言-0924_页码审核.ai
reczz28JYyvxuT7D	JBP-2000B	Z4jZbcztoo1a3RxYR14ciykVn9f	HTP017-EU-9国说明书-0924_页码审核.ai
reczz28JYyvxtzYt	JE-100C	UqYFbGAcEoBVGrx6QPAcH4nynFb	HTE162-EU-9国语言-0928_页码审核.ai
reczz28JYyvxuLLi	JS-100I	JzgObw5XwoOHNWxnfI5cAPSUnIz	HTS006-EU-9国语言-0928_页码审核.ai
reczz28JYyvxtIT4	JA-AD600A	WCAtbxaCJoCNW8x2msvc6DUynTf	HTO814-EU-9国语言-0924_页码审核.ai
