asset_key,override_for,类别,语言维度,状态,待无字化,适用机型,适用区域,导出物路径,语言变体,内容哈希,备注
app/add_device,,插图,中立,✅成品,FALSE,ALL,ALL,docs/templates/word_template/common_assets/app,,png:474b6e86398672ad0e36c08df860c09fe1645f96c95e80c9d68cc5549f012f4c,文字负载普查待做（无字化排期）
app/je1000f_us/add_device,app/add_device,插图,按语言,✅成品,FALSE,JE-1000F,US,docs/templates/word_template/common_assets/app/je1000f_us,"en,fr,es",add_device_je1000f_us.png:90ca2154225543ebddbd91dc49ca66ba6d4534180c54d6d4d6e8c6502efeda24,reviewed-promotion=je1000f-us-app-ui-v1; 唐夏冰审核通过的 JE-1000F US 英文 App UI 组合图
app/add_device_plus,,插图,中立,✅成品,FALSE,ALL,ALL,docs/templates/word_template/common_assets/app,,"png:e0054336bae2c2365ec8044ea832dfa995932c6e4e82a19c5ff278014fb7e51b,svg:3e957c6dedf804a955232acdc40a4e3f308efbc783f189feb98bb3a69458ef52",文字负载普查待做（无字化排期）
app/connect_result,,插图,中立,✅成品,FALSE,ALL,ALL,docs/templates/word_template/common_assets/app,,png:01d3694dd833380066161364a6c67f5d26a088bfd4428b72d836c26e4f123a90,文字负载普查待做（无字化排期）
app/je1000f_us/connect_result,app/connect_result,插图,按语言,✅成品,FALSE,JE-1000F,US,docs/templates/word_template/common_assets/app/je1000f_us,"en,fr,es",connect_result_je1000f_us.png:50eca58b0f33d54f42f0efd137a79d457d66ff9a886b1c962c2a22aab044b7ec,reviewed-promotion=je1000f-us-app-ui-v1; 唐夏冰审核通过的 JE-1000F US 英文 App UI 组合图
app/download,,插图,中立,✅成品,FALSE,ALL,ALL,docs/templates/word_template/common_assets/app,,png:37bf4f4918f338372737a22a6a43c72d1610cae96e063cc66201f9f529701c24,文字负载普查待做（无字化排期）
charging/ac_wall,,插图,中立,✅成品,FALSE,ALL,ALL,docs/templates/word_template/common_assets/charging,,png:37f4c64bfeaac2df031b0fb30a0228f4ef0ba7f015385e52eec69a5d2ccdb414,文字负载普查待做（无字化排期）
charging/car_charge,,插图,中立,✅成品,FALSE,ALL,ALL,docs/templates/word_template/common_assets/charging,,png:cc7007d5671cf4abfbc552aeed661b5d7cf73e3fdd3f275af5f9183f40134dc0,文字负载普查待做（无字化排期）
charging/je1000f_us/car_charge,charging/car_charge,插图,中立,✅成品,FALSE,JE-1000F,US,docs/renderers/latex/assets,,"car_charge.pdf:cd525f93f086f454d9ac8e2b6e01ca4f952de2296ff55626a37b3b791b37dc57,car_charge.png:a918de3a4a3b22cc6f400d9250f24905459d010e13e4020c23eadf247e928e75",源=source/manual_je1000f_us_master p17；JE-1000F/US 专用车充图；与冻结 PDF p16 同源匹配
charging/solar_adapter,,插图,中立,✅成品,FALSE,ALL,ALL,docs/templates/word_template/common_assets/charging,,png:9df8813895e672545085c2356f72c13fc30323f72fab4de973416ea66093ee7d,文字负载普查待做（无字化排期）
charging/je1000f_us/solar_adapter,charging/solar_adapter,插图,中立,✅成品,FALSE,JE-1000F,US,docs/renderers/latex/assets,,"solar_adapter.pdf:f379d0b69e05a191cb772b2881207617d7adb27dd2dcd4ad015e0b8c77cb63ed,solar_adapter.png:cebf89383670126e410d3ec2b2ef84548ec03be709f6cc844647bdbd7a14a008",源=source/manual_je1000f_us_master p17；JE-1000F/US 专用双 DC8020 + SolarSaga 100 Air ×4 连接图；与冻结 PDF p16 逐像素匹配
charging/solar_direct,,插图,中立,✅成品,FALSE,ALL,ALL,docs/templates/word_template/common_assets/charging,,png:8332edf8c7678e11924ab5efbc3aea63a72516f20f9ae4fde1c9d55983e1e287,文字负载普查待做（无字化排期）
controls/je1000f_us/network_pairing_panel,,插图,中立,✅成品,FALSE,JE-1000F,US,docs/renderers/latex/assets,,"app_control_panel.pdf:fec08a271db60cec03babd848273dd7775b8d70934f54a39395293e99f54e66a,app_control_panel.png:2b9bc2598d7a272629311ecc2f494091c31f15ee2ebb4d59bda5f6e8ee5c9f49",源=source/manual_je1000f_us_master p39；灰底按键面板保留设备和引线，法文标签已剥离，IDML 叠加可移动可编辑文字框
cover/jackery_logo,,插图,中立,✅成品,FALSE,ALL,ALL,docs/templates/word_template/common_assets/cover,,png:d2ed71b43481845f02096747569944b0355ec4d36a1392689ec8a3b0fbab288d,文字负载普查待做（无字化排期）
cover/support_icon,,插图,中立,✅成品,FALSE,ALL,ALL,docs/templates/word_template/common_assets/cover,,png:28a1671cdf5de1b129998f026b9730fde812c592719905a07d1abd185d8a0c20,文字负载普查待做（无字化排期）
in_the_box/ac_charging_cable,,插图,中立,✅成品,FALSE,ALL,ALL,docs/templates/word_template/common_assets/in_the_box,,png:287650f3a89ae520e32f0d75df8401151b808004ee50075b96aff70af04ca4ef,文字负载普查待做（无字化排期）
in_the_box/main_unit,,插图,中立,✅成品,FALSE,ALL,ALL,docs/templates/word_template/common_assets/in_the_box,,jpg:562f998c918a50bdedcaaeff1e005b505ced57e8252bc987fe0662ea9fa8b658,文字负载普查待做（无字化排期）
in_the_box/main_unit1,,插图,中立,✅成品,FALSE,ALL,ALL,docs/templates/word_template/common_assets/in_the_box,,png:6c7f1deea2f6211ba3ed3273900aa7595234d3b8fe5a67830defa4cf13ee6fe6,文字负载普查待做（无字化排期）
in_the_box/manual_icon1,,插图,中立,✅成品,FALSE,ALL,ALL,docs/templates/word_template/common_assets/in_the_box,,png:87ac44e52863324b761a672089e6b0497e40fdf48432f698fccf30508060c60a,文字负载普查待做（无字化排期）
lcd/lcd_map,,插图,中立,✅成品,FALSE,ALL,ALL,docs/templates/word_template/common_assets/lcd,,png:f82efe218bc0b63cb953aced0c85f7c9553935e68d5cf70a3577df9212f550ce,无字矢量 v2 已换装（源=source/manual_je1000f_us_master p9 LCD DISPLAY）；IDML 高度上限已按新版纵横比校准
operation/ac_output,,插图,中立,✅成品,FALSE,ALL,ALL,docs/templates/word_template/common_assets/operation,,"v2-pdf:cda41198c3950ba567aa4854547f1dda0123ffdde02a829e7c75c3040a991a3e,v2-png:43a46a51a98773dd307ff35dd1ac684790109b2b8c437f87ceacbc3636bc1d75",无字矢量 v2 已提取（源=source/manual_je1000f_us_master p10 下面板，纯文字剥离，残留:空括号线/时钟/空灰pill 待精修）；IDML 已换装（commit 4cce22a1，随 PR#662）：common_assets PNG=v2 渲染（替换错机型烧字旧图），render_oppanel 加 0.25×版心高度预算防溢流（本图纵横比 1.43 是原溢流元凶），InDesign 实测 60页/0溢流
operation/dc_usb_output,,插图,中立,✅成品,FALSE,ALL,ALL,docs/templates/word_template/common_assets/operation,,"v2-pdf:c166a9467c81fe98b52c571fac3d76310bd94ca57992eef1ab8588e962572395,v2-png:c46c92d6ee991a400208635802b5d2682f215cacaa748a3ca73068fdb18cdec3",无字矢量 v2 已提取（源=source/manual_je1000f_us_master p11 面板，纯文字剥离，残留:空括号线/时钟/空灰pill 待精修）；IDML 已换装（commit 4cce22a1，随 PR#662）：common_assets PNG=v2 渲染（替换错机型烧字旧图），render_oppanel 加 0.25×版心高度预算防溢流，InDesign 实测 60页/0溢流
operation/energy_saving,,插图,中立,✅成品,FALSE,ALL,ALL,docs/templates/word_template/common_assets/operation,,png:9dd943d3063031c0795ff8c4b2b6aac266bfb2bff78e2250e445f27352c23a07,无字矢量 v2 已刷入共享行（源=source/manual_je1000f_us_master p13，替换带轮错机型+烧英文旧图）；机身为 JE-1000F——非 JE-1000F 机型线定版时按机型加 override 换图（同 main_power 三图先例）
operation/je1000f_us/energy_saving,operation/energy_saving,插图,中立,✅成品,FALSE,JE-1000F,US,docs/renderers/latex/assets,,"op_energy_saving.pdf:fb0d5a068637fa7be040eea33a408ab975c7d7cc169e615ff00dd47393450e48,op_energy_saving.png:9dd943d3063031c0795ff8c4b2b6aac266bfb2bff78e2250e445f27352c23a07",源=source/manual_je1000f_us_master p13；JE-1000F/US 专用主机+POWER/AC 按键图；与冻结 PDF p12 同源匹配
operation/energy_saving_12h,,插图,中立,✅成品,FALSE,ALL,ALL,docs/templates/word_template/common_assets/operation,,"png:6337b8a4f8b144902359d3cb54198297e145b2acd6b73b77223ad3e8846730d5,svg:cf537ed8c0126770b32b39e7704a531cecab479c3b61515d79c56748603f1d39",文字负载普查待做（无字化排期）
operation/frequency_switch,,插图,中立,✅成品,FALSE,ALL,ALL,docs/templates/word_template/common_assets/operation,,png:7388be9e5077697adfb76e81e7b2961d51c339cb2534c52807f341f078d6c4f0,文字负载普查待做（无字化排期）
operation/lcd_mode,,插图,中立,✅成品,FALSE,ALL,ALL,docs/templates/word_template/common_assets/operation,,png:24a37b773bf14cd76f160a25dfa413576a95405a1f57f69059487b29b7791bfd,文字负载普查待做（无字化排期）
operation/je1000f_us/lcd_mode,operation/lcd_mode,插图,中立,✅成品,FALSE,JE-1000F,US,docs/renderers/latex/assets,,"op_lcd_mode.pdf:488c0fd94e9c8c269bad83c19f2a143be4bf7ad1f9d5a1be11715f5d8c1c80b8,op_lcd_mode.png:7a44a5af8097bdf8c18b1faea682bc78cf8f1495f4b4d4d523466d4807be1244",源=source/manual_je1000f_us_master p14；JE-1000F/US 专用 LCD POWER 按键图；与冻结 PDF p13 同源匹配
operation/led_light,,插图,中立,✅成品,FALSE,ALL,ALL,docs/templates/word_template/common_assets/operation,,"png:bf4fce34dd33d44a77c7a96dd6aff81ccd76bdc5f6ba34cf59d69f95d021cdd3,v2-pdf:68e2407169b1ad1be263d731b3956aa5d61b44a1d32964997ef3282ed37a33c9,v2-png:bf4fce34dd33d44a77c7a96dd6aff81ccd76bdc5f6ba34cf59d69f95d021cdd3",无字矢量已提取（源=source/manual_je1000f_us_master p13 LED LIGHT ON/OFF，设备+放大圈+手，步骤文字由 RST 排版承载；替换原烧死日文版，recipe 哈希锁定）
operation/main_power,,插图,中立,✅成品,FALSE,ALL,ALL,docs/templates/word_template/common_assets/operation,,"v2-pdf:eed017db8ecb2ac6c104c2676cf43fe7be77b61c5c251080dd81b157fb60725c,v2-png:74004806e6c0996fb77b2260c046e055194855a96bed97c519bb58c292e3b5e2",无字矢量 v2 已提取（源=source/manual_je1000f_us_master p10 上面板，纯文字剥离，残留:空括号线/时钟/空灰pill 待精修）；IDML 已换装（commit 4cce22a1，随 PR#662）：common_assets PNG=v2 渲染（替换错机型烧字旧图），render_oppanel 加 0.25×版心高度预算防溢流，InDesign 实测 60页/0溢流
operation/ups_mode,,插图,中立,✅成品,FALSE,ALL,ALL,docs/templates/word_template/common_assets/operation,,png:5866fb05040e5b4423c473d5e7abf87122e0e93f5afce742696a09454b4bd675,文字负载普查待做（无字化排期）
operation/je1000f_us/ups_mode,operation/ups_mode,插图,中立,✅成品,FALSE,JE-1000F,US,docs/renderers/latex/assets,,"op_ups_mode.pdf:33d1b2fdc3ad18703465bed4a8bde505a589290ffa1c6bf238ba50f8b41c910a,op_ups_mode.png:e8803f665abb9353460c3800cf37eacc22ab9d0799b604fb467990303aacac55",源=source/manual_je1000f_us_master p15；JE-1000F/US 专用 UPS 连接图；与冻结 PDF p14 同源匹配
overview/front_controls,,插图,中立,✅成品,FALSE,ALL,ALL,docs/templates/word_template/common_assets/overview,,png:aee24aca0d86464f590be397c08cb5b621b96b99cfddafeac6d86cf1c8700f56,共享基础图；目标专用版通过 override 选择，禁止把区域插座图写回 common assets
overview/je1000f_us/front_controls,overview/front_controls,插图,中立,✅成品,FALSE,JE-1000F,US,docs/renderers/latex/assets,,"front_controls.png:8cb417c0ade250d65f8ea1317c5d85cf86bc2b76f478306a6d2f5cddf13e9028,front_controls.pdf:9ca40734a1304971db5c71fbda90a508386cc0a523ba9eafcf4be474b92fa05a",源=source/manual_je1000f_us_master p8 FRONT VIEW；JE-1000F/US 专用图，扩展至 Total Output 美规三插座区域；通过 overview/front_controls 语义 key 自动覆盖；标注引线按对象抑制（drop_leader_strokes），不再用白补丁遮挡，格栅与面板分隔线完整
overview/front_product,,插图,中立,✅成品,FALSE,ALL,ALL,docs/templates/word_template/common_assets/overview,,jpg:562f998c918a50bdedcaaeff1e005b505ced57e8252bc987fe0662ea9fa8b658,文字负载普查待做（无字化排期）
overview/right_side_ports,,插图,中立,✅成品,FALSE,ALL,ALL,docs/templates/word_template/common_assets/overview,,"png:b04dca41b7cc3211a30f3a3fc2b1e904c25330f28104e4338a8ed67a11378011,v2-pdf:80536d601c8cb16bf6301c4c0e8c6424f0ad9c19e1657c0c11deac8370199434,v2-png:b04dca41b7cc3211a30f3a3fc2b1e904c25330f28104e4338a8ed67a11378011",无字矢量已提取（源=source/manual_je1000f_us_master p8 RIGHT SIDE VIEW，标注文字/引线已剥离；残留:AC 输入模组至机身边缘一段引线 待精修，recipe 哈希锁定）
symbols/battery_charging,,图标,中立,✅成品,FALSE,ALL,ALL,docs/templates/word_template/common_assets/symbols,,png:85e5185e22e43a05dbbaa5892c404640db1a5faaee92cc60159a842056952ea6,文字负载普查待做（无字化排期）
symbols/battery_recycle,,图标,中立,✅成品,FALSE,ALL,ALL,docs/templates/word_template/common_assets/symbols,,png:434d0907250f36a8c8ee800aaa327a8bbcb7ffcffef58b09c63d64520edc5cdd,文字负载普查待做（无字化排期）
symbols/caution_bar,,图标,中立,✅成品,FALSE,ALL,ALL,docs/templates/word_template/common_assets/symbols,,png:488ad9b4904863413e33d8b231fd132f7663f174cc0d0dc2b821524b303ea6e3,文字负载普查待做（无字化排期）
symbols/do_not_dismantle,,图标,中立,✅成品,FALSE,ALL,ALL,docs/templates/word_template/common_assets/symbols,,png:908c33c16c067b87c1b1dc5d6663f159ed88146bbb34b9cdbcfd172a59f9058c,文字负载普查待做（无字化排期）
symbols/electric_shock,,图标,中立,✅成品,FALSE,ALL,ALL,docs/templates/word_template/common_assets/symbols,,png:7638826b23242bfcf056c0d1508ea6b1b1462ada0099aa3196d7343185b7e30f,文字负载普查待做（无字化排期）
symbols/explosive_material,,图标,中立,✅成品,FALSE,ALL,ALL,docs/templates/word_template/common_assets/symbols,,png:8de051db1a3a60dfdacf1fbcba7e3a00ae8d63820d0405b02698d8e3195a86f3,文字负载普查待做（无字化排期）
symbols/grounding,,图标,中立,✅成品,FALSE,ALL,ALL,docs/templates/word_template/common_assets/symbols,,png:54c57e5ecc98f1cf0e0edc1562f88f93e403a5fcecd5b309303de4089b316430,文字负载普查待做（无字化排期）
symbols/heavy_object,,图标,中立,✅成品,FALSE,ALL,ALL,docs/templates/word_template/common_assets/symbols,,png:5e156fb879ab9172aea4fd69d25785f58e879bb36448c15ff3df86026f76d96b,文字负载普查待做（无字化排期）
symbols/keep_away_from_children,,图标,中立,✅成品,FALSE,ALL,ALL,docs/templates/word_template/common_assets/symbols,,png:45d63066ac4dfb875d049fd30fe85c33966b6ba401174c672f582d12722be200,文字负载普查待做（无字化排期）
symbols/keep_dry,,图标,中立,✅成品,FALSE,ALL,ALL,docs/templates/word_template/common_assets/symbols,,png:3dead8521bd4e1fb1f7cf1499463e81e4c878fdd74b74c2d3fb2a989c5843c52,文字负载普查待做（无字化排期）
symbols/li_ion,,图标,中立,✅成品,FALSE,ALL,ALL,docs/templates/word_template/common_assets/symbols,,png:f913a65f077499d5c60979c71003f852f6bff932874962ce2337bc31e8543e48,文字负载普查待做（无字化排期）
symbols/mandatory,,图标,中立,✅成品,FALSE,ALL,ALL,docs/templates/word_template/common_assets/symbols,,png:28a1671cdf5de1b129998f026b9730fde812c592719905a07d1abd185d8a0c20,文字负载普查待做（无字化排期）
symbols/no_open_flame,,图标,中立,✅成品,FALSE,ALL,ALL,docs/templates/word_template/common_assets/symbols,,png:460a4a9a19fd00579281005a860145b2de9ffcc10e22f9c48482bd21b84be3fc,文字负载普查待做（无字化排期）
symbols/no_wet_hands,,图标,中立,✅成品,FALSE,ALL,ALL,docs/templates/word_template/common_assets/symbols,,png:d65978a258ccb4679a2d2df5c029388a3aebeb2b72e52cea1f4a051c478f816b,文字负载普查待做（无字化排期）
symbols/note_bar,,图标,中立,✅成品,FALSE,ALL,ALL,docs/templates/word_template/common_assets/symbols,,png:9804efe03657d805de7941643600bb955e625da7c037cc0668b518320df4fd47,文字负载普查待做（无字化排期）
symbols/prohibited,,图标,中立,✅成品,FALSE,ALL,ALL,docs/templates/word_template/common_assets/symbols,,png:4bbbd7aa8e76674281f94e3d65ff4aa85a7e93fb5638cadf175d17b1f8afa697,文字负载普查待做（无字化排期）
symbols/read_manual,,图标,中立,✅成品,FALSE,ALL,ALL,docs/templates/word_template/common_assets/symbols,,png:1d9fa89da31dca863889c2e051771a7094826814e249d41996b5d79d4bdc7586,文字负载普查待做（无字化排期）
symbols/read_manual_operator,,图标,中立,✅成品,FALSE,ALL,ALL,docs/templates/word_template/common_assets/symbols,,png:c7a2c7dc6ddd9bb4724d9607df666243fc3bbeaa20a669d00de8f1d1a8463b47,文字负载普查待做（无字化排期）
symbols/tip_bar,,图标,中立,✅成品,FALSE,ALL,ALL,docs/templates/word_template/common_assets/symbols,,png:be4181af5e4ee43f4cddc67a6885f05aa7d3e88a2aaefd0ab66f7ed226e6854c,文字负载普查待做（无字化排期）
symbols/unplug,,图标,中立,✅成品,FALSE,ALL,ALL,docs/templates/word_template/common_assets/symbols,,png:4400c34e2e704bac1184e8e8388d736ba84d315a3c64495e2d26bf2cee8ce727,文字负载普查待做（无字化排期）
symbols/warning_bar,,图标,中立,✅成品,FALSE,ALL,ALL,docs/templates/word_template/common_assets/symbols,,png:698e38efcac9cf34ee677ce75861dab1bc0fbc2e9dabf6e71a73a63813f04a75,文字负载普查待做（无字化排期）
symbols/warning_triangle,,图标,中立,✅成品,FALSE,ALL,ALL,docs/templates/word_template/common_assets/symbols,,png:24e567ffad0566246aab95bc86be386842af60454f7a4b5f1a5ac77ff37cbb8c,文字负载普查待做（无字化排期）
symbols/warning_triangle_dark,,图标,中立,✅成品,FALSE,ALL,ALL,docs/templates/word_template/common_assets/symbols,,svg:e1746d6937db78115fcd8e1f80a71943cb6615561e326bebe2605139a886cce5,与 LaTeX HBSafetyInstruction 同源的深色实心警告三角形
symbols/warning_triangle_white,,图标,中立,✅成品,FALSE,ALL,ALL,docs/templates/word_template/common_assets/symbols,,svg:5e5fc8a41e7c547ecd55ef8ffdb24df9e9b7e6b9fd4fe0d7bcc00c2eaad7cb15,文字负载普查待做（无字化排期）
symbols/weee,,图标,中立,✅成品,FALSE,ALL,ALL,docs/templates/word_template/common_assets/symbols,,png:7e4de290ea13b86bd50fbb209b4510116116d4fb403b7ef4f83cf1c1db873989,文字负载普查待做（无字化排期）
symbols/weee2,,图标,中立,✅成品,FALSE,ALL,ALL,docs/templates/word_template/common_assets/symbols,,png:236891c20611070753633c7c9286982284851c6df78137cfc5bc26922c6528b6,文字负载普查待做（无字化排期）
page/cover,,整页PDF,按语言,✅成品,FALSE,JE-1000F,US,docs/renderers/latex/assets,en,cover-en.pdf:c58c706ad9b83e3729842df4b0c95d0bd8cbc9849624b1303abf323dc2f91788,单文件命名 -en；是否需 es/fr 变体待确认
page/product_overview,,整页PDF,按语言,✅成品,FALSE,JE-1000F,US,docs/renderers/latex/assets,"en,es,fr","product_overview-en.pdf:bb3ca33f3a54b42533182725c54837098af25f85d2ded25b89a1c30a2387da54,product_overview-es.pdf:2d7cb459cb17fe311e5e1e71d7a1587bd9305fee882858f34446c9dfb4853043,product_overview-fr.pdf:14e89c01d450e44e8910ff5b88de7b19a352a1e86ab5e8e201552a5be0853f21",模板物理页提取（#639）
mark/fcc,,标记,中立,✅成品,FALSE,JE-1000F,US,docs/renderers/latex/assets,,"fcc_mark.pdf:8029015efc5eb1905b1beedeef16f0e4f8c550c0dbcf1687152b122f16ce8493,fcc_mark.png:45f309ed8b3f4787b6dde440c738b8e0fbc5074bf758fecc2e1ac44307153d90",
hero/lcd_display,,插图,中立,✅成品,FALSE,JE-1000F,ALL,docs/renderers/latex/assets,,"v2-pdf:5004a9fe0afe71c69d7150479fa54e31f3846c2e490721689528cf81ad4f9a39,v2-png:f82efe218bc0b63cb953aced0c85f7c9553935e68d5cf70a3577df9212f550ce",矢量正式版 v2（源=master p8，25 个圆号标注，语言中立）→ lcd_display_hero_v2.pdf|png；IDML 已换装（commit d68288ef，随 PR#662）：lcd_map.png=v2 渲染+发射端 159pt 高度上限（防下游串文溢流），一图通 en/fr/es，InDesign 实测 60页/0溢流
placeholder/symbols_icons,,插图,中立,🔧临时替代,FALSE,JE-1000F,ALL,docs/renderers/latex/assets,,01_meaning_of_symbols_icons_placeholder.png:d90abf9cdad6f03ee91fea968bcc5f01e62095144e8c8f6ade730e086793689b,占位图；引用普查=无消费者，疑似孤儿，确认后清理
placeholder/symbols_signal_words,,插图,中立,🔧临时替代,FALSE,JE-1000F,ALL,docs/renderers/latex/assets,,01_meaning_of_symbols_signal_words_placeholder.png:d90abf9cdad6f03ee91fea968bcc5f01e62095144e8c8f6ade730e086793689b,占位图；引用普查=无消费者，疑似孤儿，确认后清理
mark/warning_lockup,,标记,中立,🔧临时替代,FALSE,JE-1000F,ALL,docs/renderers/latex/assets,,"warning_lockup.jpg:36a12bf515278baf86060da6989fdbf87809400d1895d814cffd140d4ff2b3a9,warning_lockup.png:d90abf9cdad6f03ee91fea968bcc5f01e62095144e8c8f6ade730e086793689b",裁切产物，是否成品待确认
qr/back_cover_ai_candidate,,二维码,中立,✅成品,FALSE,JE-1000F,US,docs/renderers/latex/assets,,"back_cover_qr_ai_candidate.pdf:b3572a0e62d37199e5f4c07ef6bc8957b478e3072ecf1a0f954f7a53c479d66a,back_cover_qr_ai_candidate.png:d905dda078190608d10a261cb16911eedd277992345eb22f07c13e94d4a76372",reviewed-promotion=je1000f-us-ai-source-20260726；AI p59 QR-only；源 SHA-256=ee1fd9367021c99b3a16e14dc8aa702929c71ac4c98c7132816da05d90ce06ed；bbox=[309.169006 464.803009 338.933014 494.567017]；解码=160102000404；唐夏冰确认所有图片素材必须来自所提供 AI；仅限 JE-1000F US
qr/back_cover_reference_candidate,,二维码,中立,⛔隔离,FALSE,JE-1000F,US,docs/renderers/latex/assets,,"back_cover_qr_reference_candidate.pdf:09e2d60f07da0ff3d5b9baad642c7a32e4017eb133bc356e32d52ff3bf7eaa07,back_cover_qr_reference_candidate.png:866c5eef5dd90d49a8b7e09b73414e52a1cca128ae70eeb39371cf401fbdc469",冻结参考 PDF p58 QR-only；源 SHA-256=e72b1ba01882062e261b17d5ba54a2f7c3099e5ba531a6428be13888641083f2；bbox=[308.460999 463.852020 339.641998 495.033020]；解码=160102000161；仅允许几何对照，禁止作为图片素材或 build 输入
page/back_cover,,整页PDF,按语言,⛔隔离,FALSE,JE-1000F,US,docs/renderers/latex/assets,en,"pdf:7c01035f582a989b757c2ded3d479086c323a8979a319e078ab1a865f5996f31,png:01214504830dacbfb6bdf42ef1224b97e7dc8d6f8ec58ba21a68de950a0371d8",历史整页封底资产继续隔离且禁止作为最终可见内容；QR 已拆为 AI/冻结参考两个最小候选，运行时仅批准 AI p59 候选，参考 PDF 候选继续隔离；整页仍含墨西哥销售主体信息（V0.3 变更）
button/power,,图标,中立,✅成品,FALSE,ALL,ALL,docs/renderers/latex/assets,,"pdf:80615c7fed8867b2190c629c76829fed8660ff0b3cc1671d0263355b45da0555,png:2ffaa205db7940e9725568e45a334537037cbd2869933dc4c7a1102b6fd56efc",源=source/manual_je1000f_us_master p13 KEY COMBINATIONS 矢量裁剪（无手版）
button/ac,,图标,中立,✅成品,FALSE,ALL,ALL,docs/renderers/latex/assets,,"pdf:7d05327114394f47133a310dd6efb6278802c5e05aced6553e87553bc54bfde2,png:5f9354fc203ac14ac6b23f972b5280365830bc6de87af47ed2b06ea1935b89fc",源=source/manual_je1000f_us_master p13 KEY COMBINATIONS 矢量裁剪（无手版）
button/dc_usb,,图标,中立,✅成品,FALSE,ALL,ALL,docs/renderers/latex/assets,,"pdf:87dcc54d611424a3228e70b85d81411299eeb247644c528fdb05d97969aa85b9,png:765c22b94adb65655c638992c3ebdce43454a14e629252e56a0d8a2b3713e4e0",源=source/manual_je1000f_us_master p13 KEY COMBINATIONS 矢量裁剪（无手版）
button/led,,图标,中立,✅成品,FALSE,ALL,ALL,docs/renderers/latex/assets,,"pdf:b20f5428f8ac59d00ec78f12a4a3be43e3a30b61a62de0faf8f46f540c37ee2a,png:2b271050dc4ca2c54f2c1945891764385e8326e09bdf54f76ee87e283f789af3",源=source/manual_je1000f_us_master p13 KEY COMBINATIONS 矢量裁剪（无手版）
icon/clock_3s,,图标,中立,✅成品,FALSE,ALL,ALL,docs/renderers/latex/assets,,"pdf:7cf574aa7dfc32d64ac7fc5d40c2be492d556ccca77ce0753ed61c7d25128489,png:8d4996ff98941c2dd703f71e5520f911d58e0e68707c0f870fe6018b6aac89fa",源=source/manual_je1000f_us_master p13 KEY COMBINATIONS 矢量裁剪（无手版）
mark/jp_certifications,,标记,按语言,❌缺失,FALSE,JE-1000F_JP,JP,,,,日规認証标志组（規格页認証：后接图）
illustration/cjk_operation_set,,插图,中立,❌缺失,FALSE,ALL,ALL,,,,操作插图带 CJK 待换（操作者定为最后处理）
feishu/lcd_icons_attachments,,图标,中立,✅成品,FALSE,ALL,ALL,data/phase2/_attachments,,sync 时物化，哈希随快照,LCD 图标表附件列——sync-data 自动物化，token 身份由 attachment_identity 解决
feishu/symbols_attachments,,图标,中立,✅成品,FALSE,ALL,ALL,data/phase2/_attachments,,sync 时物化，哈希随快照,符号表附件列——同上，已在管道内
web-composite/operation.ac-output,,图文混排,按语言,✅成品,FALSE,JE-1000F,US,,"en,fr,es",,
web-composite/operation.dc-usb-output,,图文混排,按语言,✅成品,FALSE,JE-1000F,US,,"en,fr,es",,
web-composite/operation.energy-saving,,图文混排,按语言,✅成品,FALSE,JE-1000F,US,,"en,fr,es",,
web-composite/operation.led-light,,图文混排,按语言,✅成品,FALSE,JE-1000F,US,,"en,fr,es",,
web-composite/operation.main-power,,图文混排,按语言,✅成品,FALSE,JE-1000F,US,,"en,fr,es",,
web-composite/product-overview.front,,图文混排,按语言,✅成品,FALSE,JE-1000F,US,,"en,fr,es",,
web-composite/product-overview.right,,图文混排,按语言,✅成品,FALSE,JE-1000F,US,,"en,fr,es",,
web-composite/reference.app-connect-result,,图文混排,中立,✅成品,FALSE,JE-1000F,US,,shared,,
web-composite/reference.charging-car,,图文混排,按语言,✅成品,FALSE,JE-1000F,US,,"en,fr,es",,
