capability,scope,page_stem,match_regex,required_when_true,forbidden_when_false,notes
AC/DC输出记忆恢复,section,05_operation_guide,Output Resume|Resume Function|恢复功能|记忆|記憶|復帰機能|恢复输出|reanudación de Salida|Fonction de reprise|Wiederaufnahmefunktion|ripristino delle uscite|відновлення виходів|출력[ 　]*재개|RETOMADA DA SAÍDA,Y,Y,2026-07-12 取证:操作页 AC/DC Output Resume Function 小节;true 侧开启;2026-08-03 补全十语写法并翻 forbidden_when_false=Y(按能力裁剪小节上线后 false 侧可强制);2026-08-03 补韩文(ko 作 'AC/DC 출력 재개 기능')
加电包扩容,page,07_extra_battery,,Y,Y,"2026-07-12 三语骨架模板已建(07_extra_battery),true 侧开启;装配期由 manifest capability 注解选配"
并机/扩展,page,07_parallel,,N,Y,"并机页模板待建;暂只拦""无能力却含页"""
UPS功能,page,06_ups_mode,,Y,Y,UPS 能力决定 UPS 章节页的有无
LED照明灯,section,05_operation_guide,LED[ 　]*(LIGHT|ライト|照明|조명)|LED 라이트,Y,Y,操作指南内 LED 小节;2026-08-03 补韩文(ko 作 'LED 조명';原只认 'LED 라이트')
应急快充模式,section,05_operation_guide|08_charging_methods|charging,Emergency Charg|应急|緊急充電|緊急チャージ|비상[ 　]*충전,Y,N,2026-07-12 取证:US=charging 页 Emergency Charging Mode;JP=同页緊急;true 侧开启;2026-08-03 补韩文(ko 作 '비상 충전 모드')
静音充电,section,lcd_icons|08_charging_methods|charging,Quiet Charg|静音|静か|조용한[ 　]*충전,Y,N,2026-07-12 取证:体现于 LCD 图标表 Quiet Charging Mode 行(与 TOU 同载体);true 侧开启;2026-08-03 补韩文(ko 作 '조용한 충전 모드')
TOU/计划充电,section,lcd_icons|12_app_setup,TOU|充电计划|計画充電|Charging Schedule|충전 계획,Y,N,"2026-07-12 终裁:HTE153 支持 TOU,手册体现于 LCD 图标表 TOU Mode 行(HTE154 同款);true 侧强制开启"
自发自用模式,section,12_app_setup,自发自用|自家発電|Self[- ]?Consumption,Y,N,App 页自发自用小节
