# Per-file count of zip() calls without strict= (ruff B905) in build.py,
# integrations/, tools/, tests/ and scripts/. No file may grow, unlisted files
# may not add one, and a lower count must be written back. Regenerate
# intentionally with:
#   python tools/check_zip_strict_ratchet.py update
integrations/product_voc/intake.py	1
integrations/product_voc/openclaw_handoff.py	1
tests/test_frozen_ai_table_components.py	1
tests/test_frozen_pdf_reference.py	1
tests/test_idml_figure_callouts.py	2
tests/test_idml_lcdmode_editable.py	3
tests/test_idml_loaders_l10n.py	1
tests/test_idml_reference_art.py	1
tests/test_je3000c_0915_warnings.py	1
tests/test_rtd_portal.py	1
tests/test_solar_js100i_eu_locales.py	1
tests/test_source_table_sync_invariants.py	1
tools/audit_code_copy.py	2
tools/bitable_content_backup.py	1
tools/bitable_schema.py	3
tools/check_language_literal_ratchet.py	1
tools/diff_report_fields_rows.py	1
tools/frozen_ai_source.py	2
tools/frozen_ai_table_components.py	1
tools/frozen_pdf_intake.py	2
tools/idml/components/key_combinations.py	5
tools/idml/components/lcdmode.py	2
tools/idml/components/notice.py	4
tools/idml/components/oppanel.py	1
tools/idml/components/prose_table.py	1
tools/idml/components/warranty.py	1
tools/idml/data_components.py	1
tools/idml/lcd_style.py	2
tools/lang_asset_sweep.py	3
tools/manifest_family.py	1
tools/manual_operations_online_health.py	1
tools/ops_catalog_sync.py	1
tools/review_propagation_ledger.py	1
tools/review_support.py	1
tools/rtd_deliverables.py	1
tools/rtd_system_workspace.py	1
tools/source_intake_extract.py	1
tools/source_record_index.py	2
tools/source_table_sync.py	1
tools/sync_data.py	1
tools/web_figure_captions.py	1
tools/web_table_ir.py	2
tools/write_web_publish_receipt_links.py	1
